employee_id,first_name,last_name,email,phone,date_of_birth,gender,hire_date,job_id,department_id,manager_id,salary,commission_pct,employment_status,termination_date
1,Angel,Hill,angel.hill1@northstar-hr.example.com,+880-12-0297-0213,1985-01-30,Male,2015-08-22,19,,,320000,0,Active,
2,Jeffrey,Doyle,jeffrey.doyle2@northstar-hr.example.com,+880-15-5690-9275,1971-04-08,Male,2017-05-09,17,1,1,239729,0,Active,
3,Patricia,Miller,patricia.miller3@northstar-hr.example.com,+880-11-9285-6543,1993-04-22,Female,2016-11-04,18,3,1,235753,0.09,Active,
4,Anthony,Robinson,anthony.robinson4@northstar-hr.example.com,+880-10-2786-8144,1985-02-12,Female,2018-07-08,3,1,2,134597,0,Terminated,2020-03-24
5,Anthony,Gonzalez,anthony.gonzalez5@northstar-hr.example.com,+880-19-4731-2172,1993-01-01,Male,2018-12-13,3,1,2,110379,0,Active,
6,Amy,Robinson,amy.robinson6@northstar-hr.example.com,+880-17-1551-8844,1991-01-03,Male,2018-10-08,5,2,1,134118,0,Active,
7,Lisa,Smith,lisa.smith7@northstar-hr.example.com,+880-12-5831-3237,1960-01-04,Female,2019-06-02,7,3,3,102156,0.06,Active,
8,Helen,Peterson,helen.peterson8@northstar-hr.example.com,+880-18-9578-2911,1968-11-24,Female,2017-06-20,7,3,3,102676,0.03,Active,
9,Susan,Rogers,susan.rogers9@northstar-hr.example.com,+880-17-8669-1251,1974-03-23,Female,2017-04-12,9,4,1,135082,0,Active,
10,Colin,Abbott,colin.abbott10@northstar-hr.example.com,+880-18-5289-2268,1993-05-07,Female,2018-10-24,11,5,1,95695,0,Active,
11,Lindsay,Blair,lindsay.blair11@northstar-hr.example.com,+880-10-1824-2253,1971-05-12,Female,2018-08-11,13,6,1,106361,0,Active,
12,Teresa,Gray,teresa.gray12@northstar-hr.example.com,+880-18-4143-8424,1981-10-02,Female,2018-08-28,13,7,1,100328,0,Active,
13,Maria,Montgomery,maria.montgomery13@northstar-hr.example.com,+880-11-8299-2299,1972-01-11,Male,2019-08-02,14,8,1,137400,0,Active,
14,Barbara,Bush,barbara.bush14@northstar-hr.example.com,+880-19-0010-9439,1972-11-20,Male,2017-02-20,15,9,1,99116,0,On Leave,
15,Jeremy,Roberts,jeremy.roberts15@northstar-hr.example.com,+880-10-7844-7364,1974-05-05,Female,2017-03-29,16,10,1,119871,0.14,Active,
16,Craig,Ramirez,craig.ramirez16@northstar-hr.example.com,+880-10-2767-7359,1964-08-06,Female,2019-12-17,4,2,6,56403.79,0,Active,
17,Michael,Wood,michael.wood17@northstar-hr.example.com,+880-15-5625-8815,1972-04-09,Female,2023-05-08,12,6,11,40171.23,0,Active,
18,Joseph,Zuniga,joseph.zuniga18@northstar-hr.example.com,+880-11-4732-1046,1992-06-30,Female,2019-10-06,4,2,6,49902.07,0,Active,
19,Chelsea,Jackson,chelsea.jackson19@northstar-hr.example.com,+880-16-3259-5327,2001-04-19,Male,2023-06-15,10,5,10,84499.82,0,Terminated,2024-11-15
20,Frank,Gray,frank.gray20@northstar-hr.example.com,+880-14-7016-8733,1986-03-31,Male,2024-02-19,8,4,9,57034.94,0,Terminated,2024-03-31
21,Danielle,Hawkins,danielle.hawkins21@northstar-hr.example.com,+880-14-7974-8016,1971-02-18,Female,2026-04-29,8,4,9,64663.16,0,Active,
22,Megan,Parsons,megan.parsons22@northstar-hr.example.com,+880-14-5650-6098,1970-07-18,Female,2023-10-05,14,8,13,59887.06,0,Active,
23,Antonio,Stewart,antonio.stewart23@northstar-hr.example.com,+880-18-4168-7849,1985-06-26,Male,2019-12-05,16,10,15,111289.84,0.11,Active,
24,Jason,Hahn,jason.hahn24@northstar-hr.example.com,+880-11-2165-5852,1967-08-13,Male,2020-04-02,15,9,14,137789.11,0,Active,
25,Leonard,Rios,leonard.rios25@northstar-hr.example.com,+880-18-6800-0257,1984-12-05,Female,2025-05-17,6,3,8,63856.36,0.02,Terminated,2025-07-17
26,Robin,Ellis,robin.ellis26@northstar-hr.example.com,+880-18-2595-2694,1983-10-02,Male,2021-04-30,14,7,12,88987.74,0,Active,
27,John,Hoffman,john.hoffman27@northstar-hr.example.com,+880-18-8879-4705,1972-08-29,Female,2020-03-24,20,2,6,45123.46,0,Active,
28,Brenda,Hurst,brenda.hurst28@northstar-hr.example.com,+880-11-6940-9749,1982-01-26,Female,2020-03-18,6,3,7,78152.64,0.11,Terminated,2024-09-29
29,Jeffrey,Bright,jeffrey.bright29@northstar-hr.example.com,+880-19-7289-6230,1982-12-18,Female,2021-05-12,15,9,14,143525.93,0,Active,
30,Christopher,Williams,christopher.williams30@northstar-hr.example.com,+880-11-3075-6263,1977-09-17,Male,2022-04-15,15,9,14,118695.69,0,Terminated,2025-07-19
31,Courtney,Conner,courtney.conner31@northstar-hr.example.com,+880-17-0283-8578,1972-08-31,Male,2018-12-03,15,9,14,124430.29,0,Active,
32,Bryan,James,bryan.james32@northstar-hr.example.com,+880-12-7858-5497,1968-05-31,Male,2021-07-21,13,6,11,56737.75,0,Active,
33,Allison,Maddox,allison.maddox33@northstar-hr.example.com,+880-13-4843-4437,1978-03-03,Male,2026-05-20,20,2,6,69383.57,0,Active,
34,Alexander,Le,alexander.le34@northstar-hr.example.com,+880-15-8441-9866,1996-04-16,Female,2025-03-30,6,3,7,50602.27,0.15,Active,
35,Amanda,Adams,amanda.adams35@northstar-hr.example.com,+880-12-4041-5747,1971-04-16,Female,2023-09-26,8,4,9,56969.77,0,Active,
36,Daniel,Graham,daniel.graham36@northstar-hr.example.com,+880-18-4842-1993,1972-04-22,Male,2023-05-24,14,8,13,63676.7,0,Active,
37,Stephanie,Liu,stephanie.liu37@northstar-hr.example.com,+880-18-3301-6571,1987-06-11,Male,2021-10-26,12,6,11,45534.12,0,Active,
38,Vincent,White,vincent.white38@northstar-hr.example.com,+880-12-0826-7734,1972-04-09,Male,2020-03-20,4,2,6,47022.01,0,Active,
39,Monica,Evans,monica.evans39@northstar-hr.example.com,+880-10-1938-0262,2001-02-13,Female,2025-09-05,12,6,11,38404.98,0,Active,
40,Chelsea,Hernandez,chelsea.hernandez40@northstar-hr.example.com,+880-10-6724-0049,1986-02-18,Female,2023-05-18,8,4,9,52289.92,0,Active,
41,Amber,Osborne,amber.osborne41@northstar-hr.example.com,+880-15-4788-7287,1974-06-25,Female,2024-06-01,14,7,12,58392.58,0,Active,
42,Aaron,Nguyen,aaron.nguyen42@northstar-hr.example.com,+880-11-5274-2054,1983-11-03,Male,2022-06-18,13,6,11,69010.74,0,Active,
43,Sarah,Koch,sarah.koch43@northstar-hr.example.com,+880-13-2966-8516,1983-07-17,Male,2018-03-01,4,2,6,66846.41,0,Active,
44,Kyle,Brown,kyle.brown44@northstar-hr.example.com,+880-12-2753-0463,1981-06-01,Male,2024-12-30,8,4,9,61088.57,0,Active,
45,Stacey,Miller,stacey.miller45@northstar-hr.example.com,+880-14-5499-0453,1967-05-21,Male,2025-05-22,14,7,12,71191.98,0,Active,
46,Chad,Hodges,chad.hodges46@northstar-hr.example.com,+880-11-7426-8414,1975-12-31,Male,2022-02-02,14,8,13,77825.07,0,Terminated,2023-01-23
47,David,Alvarez,david.alvarez47@northstar-hr.example.com,+880-12-7279-5687,1993-02-10,Female,2024-06-11,4,2,6,57192.42,0,Active,
48,Joseph,Brennan,joseph.brennan48@northstar-hr.example.com,+880-13-3918-7851,1997-06-06,Male,2022-08-17,8,4,9,49939.11,0,Active,
49,Jason,Ryan,jason.ryan49@northstar-hr.example.com,+880-11-0883-9822,1973-08-26,Female,2021-07-24,14,7,12,64983.72,0,Active,
50,James,Collins,james.collins50@northstar-hr.example.com,+880-18-7139-7187,1994-11-05,Male,2024-02-22,6,3,8,48708.04,0.11,Active,
51,Debra,Kim,debra.kim51@northstar-hr.example.com,+880-17-2867-9087,1991-10-26,Female,2026-05-17,16,10,15,97572.44,0.1,Active,
52,David,Walker,david.walker52@northstar-hr.example.com,+880-14-0640-3910,1978-04-02,Male,2022-05-10,15,9,14,148038.95,0,Active,
53,Brianna,Hall,brianna.hall53@northstar-hr.example.com,+880-11-8017-0462,1989-11-13,Male,2020-11-04,6,3,7,67008.5,0.07,Active,
54,Chad,Welch,chad.welch54@northstar-hr.example.com,+880-16-5676-6182,1984-05-23,Male,2019-11-08,14,7,12,75262.17,0,Active,
55,Rebecca,Heath,rebecca.heath55@northstar-hr.example.com,+880-15-1286-8230,1988-06-08,Female,2019-12-05,16,10,15,124581.79,0.08,Terminated,2026-05-10
56,John,Caldwell,john.caldwell56@northstar-hr.example.com,+880-17-8686-3375,1963-12-27,Female,2018-08-06,10,5,10,63354.01,0,Active,
57,David,Walls,david.walls57@northstar-hr.example.com,+880-13-1069-0331,1962-12-01,Male,2019-10-21,6,3,8,52647.09,0.05,Active,
58,Thomas,Mueller,thomas.mueller58@northstar-hr.example.com,+880-10-7903-0673,1982-12-12,Male,2022-10-21,2,1,4,103663.04,0,Terminated,2025-08-03
59,James,Davis,james.davis59@northstar-hr.example.com,+880-10-2843-9599,1993-12-20,Male,2024-10-17,15,9,14,146662.97,0,Active,
60,Rodney,Owens,rodney.owens60@northstar-hr.example.com,+880-15-3428-3644,1963-05-10,Female,2021-08-17,8,4,9,49732.4,0,Active,
61,Emily,Joyce,emily.joyce61@northstar-hr.example.com,+880-19-2687-0568,1976-02-26,Male,2024-02-19,16,10,15,136929.02,0.01,Active,
62,Richard,Morgan,richard.morgan62@northstar-hr.example.com,+880-16-6246-2873,1990-12-22,Male,2018-10-30,6,3,7,75588.51,0.06,Active,
63,John,Lee,john.lee63@northstar-hr.example.com,+880-14-2708-6688,1970-02-17,Male,2025-04-01,10,5,10,80116.43,0,Active,
64,Robert,Ramirez,robert.ramirez64@northstar-hr.example.com,+880-13-4351-7518,1989-02-03,Male,2021-10-10,10,5,10,86686.78,0,Active,
65,Sandra,Ramos,sandra.ramos65@northstar-hr.example.com,+880-13-0469-9013,1990-08-29,Female,2020-02-07,20,2,6,43234.43,0,Active,
66,Andrea,Williams,andrea.williams66@northstar-hr.example.com,+880-19-8373-5403,2000-10-31,Female,2025-03-31,6,3,7,69649.24,0.1,Active,
67,Mary,Novak,mary.novak67@northstar-hr.example.com,+880-11-7393-6385,1995-10-14,Male,2026-05-29,15,9,14,103762.19,0,Terminated,2026-06-10
68,Melinda,Martin,melinda.martin68@northstar-hr.example.com,+880-18-5445-8771,1996-02-22,Male,2025-10-17,15,9,14,129125.48,0,Terminated,2026-04-20
69,Jason,Morales,jason.morales69@northstar-hr.example.com,+880-15-3556-0932,1962-08-14,Male,2022-02-01,14,7,12,65789.04,0,Active,
70,Nicholas,Galloway,nicholas.galloway70@northstar-hr.example.com,+880-18-9964-2353,1972-08-14,Female,2018-06-30,12,6,11,47339.47,0,Active,
71,Kristen,Gibson,kristen.gibson71@northstar-hr.example.com,+880-13-7854-7772,1988-01-05,Male,2020-03-25,15,9,14,146288.19,0,On Leave,
72,Susan,Cowan,susan.cowan72@northstar-hr.example.com,+880-15-2287-2808,1962-04-22,Female,2021-07-23,6,3,8,40991.45,0.1,Active,
73,Jennifer,Moore,jennifer.moore73@northstar-hr.example.com,+880-11-0062-3120,1970-06-17,Male,2022-09-04,14,7,12,60571.92,0,Active,
74,Tanya,Riley,tanya.riley74@northstar-hr.example.com,+880-17-5099-7700,1980-06-25,Female,2020-06-30,14,7,12,62785.18,0,Active,
75,Julie,Brown,julie.brown75@northstar-hr.example.com,+880-16-0084-8408,1993-05-11,Male,2022-07-25,13,6,11,61687.71,0,Active,
76,Wesley,Farrell,wesley.farrell76@northstar-hr.example.com,+880-16-2118-2339,1982-06-28,Female,2022-12-01,14,7,12,85252.35,0,Active,
77,Susan,Miller,susan.miller77@northstar-hr.example.com,+880-15-4615-6793,1996-12-12,Male,2019-04-29,13,6,11,83177.11,0,Active,
78,Brooke,Leonard,brooke.leonard78@northstar-hr.example.com,+880-13-4101-6668,1977-05-11,Female,2019-07-26,10,5,10,56339.0,0,Active,
79,David,Zamora,david.zamora79@northstar-hr.example.com,+880-10-2176-5918,1994-10-29,Male,2019-12-24,13,6,11,73186.27,0,Active,
80,Brooke,Harvey,brooke.harvey80@northstar-hr.example.com,+880-13-3974-0148,1981-06-15,Female,2020-01-27,14,7,12,56553.53,0,Active,
81,Brandy,Mills,brandy.mills81@northstar-hr.example.com,+880-10-2503-9261,1972-07-13,Female,2021-07-12,1,1,5,81564.87,0,Terminated,2024-04-30
82,James,Moran,james.moran82@northstar-hr.example.com,+880-19-6856-2185,1967-02-02,Female,2025-11-12,16,10,15,127388.94,0.03,Active,
83,Randy,Powers,randy.powers83@northstar-hr.example.com,+880-16-3159-9965,1961-02-15,Female,2020-01-04,15,9,14,116309.15,0,On Leave,
84,Leslie,Walton,leslie.walton84@northstar-hr.example.com,+880-14-7735-8662,1986-03-08,Female,2020-07-10,15,9,14,121022.32,0,Active,
85,Stephen,Murillo,stephen.murillo85@northstar-hr.example.com,+880-16-1943-1142,1972-09-02,Male,2018-08-11,6,3,8,61917.49,0.02,Active,
86,Charles,Lewis,charles.lewis86@northstar-hr.example.com,+880-12-6551-1047,1979-10-25,Female,2026-05-20,10,5,10,70046.09,0,Terminated,2026-05-31
87,Sarah,Ibarra,sarah.ibarra87@northstar-hr.example.com,+880-12-1267-8886,1963-12-13,Female,2020-03-25,14,8,13,78646.95,0,Active,
88,Mike,Moore,mike.moore88@northstar-hr.example.com,+880-11-5819-9560,1976-03-16,Female,2025-05-25,6,3,8,60618.08,0.05,Terminated,2025-10-27
89,Jade,Carr,jade.carr89@northstar-hr.example.com,+880-11-8398-2622,1975-03-23,Male,2025-01-06,4,2,6,51739.22,0,Active,
90,Destiny,Smith,destiny.smith90@northstar-hr.example.com,+880-14-7212-6464,1984-07-19,Female,2026-04-22,6,3,7,49793.7,0.02,Active,
91,Kevin,Alvarado,kevin.alvarado91@northstar-hr.example.com,+880-11-5437-9937,1968-02-27,Male,2024-11-15,16,10,15,113649.85,0.08,Active,
92,Dennis,Wilson,dennis.wilson92@northstar-hr.example.com,+880-14-0659-6575,1981-10-01,Male,2025-11-25,14,7,12,63539.46,0,Terminated,2026-05-23
93,Angela,Nelson,angela.nelson93@northstar-hr.example.com,+880-19-2459-3752,1995-07-10,Female,2018-11-25,20,2,6,46924.83,0,Active,
94,Jennifer,Harris,jennifer.harris94@northstar-hr.example.com,+880-15-4793-5646,1976-11-26,Female,2023-02-02,1,1,4,82823.09,0,Active,
95,Joseph,Freeman,joseph.freeman95@northstar-hr.example.com,+880-19-3982-8073,1979-10-23,Female,2023-05-04,15,9,14,130632.62,0,Active,
96,Meghan,Davis,meghan.davis96@northstar-hr.example.com,+880-14-1672-4342,1992-08-14,Female,2025-08-14,15,9,14,137182.77,0,Active,
97,Joshua,Smith,joshua.smith97@northstar-hr.example.com,+880-16-1797-9688,1996-08-11,Female,2021-07-25,14,8,13,84395.2,0,Terminated,2025-11-08
98,Dana,Green,dana.green98@northstar-hr.example.com,+880-16-8058-9113,1989-04-22,Male,2024-06-27,15,9,14,113729.87,0,Terminated,2025-03-14
99,Andrea,Patterson,andrea.patterson99@northstar-hr.example.com,+880-19-0965-6101,1973-11-22,Male,2024-03-27,10,5,10,66754.66,0,Active,
100,Charles,Ware,charles.ware100@northstar-hr.example.com,+880-18-8899-3756,1975-08-19,Male,2018-01-30,6,3,7,55321.41,0.05,Active,
101,Amy,Davenport,amy.davenport101@northstar-hr.example.com,+880-19-8250-7146,2000-07-14,Female,2025-08-09,8,4,9,57227.98,0,Active,
102,Earl,Anderson,earl.anderson102@northstar-hr.example.com,+880-11-1254-5738,1980-10-14,Female,2022-11-26,14,7,12,84151.19,0,Terminated,2024-08-12
103,Rachel,Flynn,rachel.flynn103@northstar-hr.example.com,+880-17-7514-0105,1985-01-02,Female,2020-08-05,16,10,15,116464.09,0.09,Active,
104,Rachel,Clark,rachel.clark104@northstar-hr.example.com,+880-12-3828-2586,2001-08-24,Male,2025-03-29,10,5,10,73837.72,0,Active,
105,Curtis,Deleon,curtis.deleon105@northstar-hr.example.com,+880-13-6226-6093,1977-02-16,Male,2020-02-06,14,8,13,70254.26,0,Active,
106,Richard,Oliver,richard.oliver106@northstar-hr.example.com,+880-16-6033-4191,1995-09-24,Female,2025-06-09,14,7,12,80346.35,0,Active,
107,Sarah,Hancock,sarah.hancock107@northstar-hr.example.com,+880-18-2553-7147,1979-03-19,Male,2019-04-20,6,3,8,63675.71,0.04,Active,
108,Lisa,Keith,lisa.keith108@northstar-hr.example.com,+880-15-9696-9155,1998-04-23,Male,2026-03-19,20,2,6,66271.84,0,Terminated,2026-05-22
109,Jill,Cook,jill.cook109@northstar-hr.example.com,+880-14-9912-5134,1962-06-21,Female,2018-03-18,2,1,5,116367.63,0,Active,
110,Leah,Shields,leah.shields110@northstar-hr.example.com,+880-15-2866-9296,1981-06-04,Female,2025-10-31,13,6,11,63347.7,0,Active,
111,Joseph,Cobb,joseph.cobb111@northstar-hr.example.com,+880-17-8282-7422,1976-03-18,Male,2024-10-27,10,5,10,55678.42,0,Active,
112,Monica,Garrison,monica.garrison112@northstar-hr.example.com,+880-17-9050-7236,1995-07-02,Male,2018-11-29,12,6,11,49968.36,0,Active,
113,Lisa,Stevens,lisa.stevens113@northstar-hr.example.com,+880-18-7676-7721,1980-12-23,Male,2019-11-15,1,1,4,101961.44,0,Active,
114,Laura,Perez,laura.perez114@northstar-hr.example.com,+880-13-4043-8427,1981-10-24,Male,2020-07-26,8,4,9,65083.77,0,Active,
115,James,Murphy,james.murphy115@northstar-hr.example.com,+880-17-8819-1485,1978-09-15,Male,2018-03-14,14,8,13,60872.62,0,Active,
116,Tammy,Ramirez,tammy.ramirez116@northstar-hr.example.com,+880-10-7836-1340,1982-03-19,Female,2025-04-10,6,3,7,63147.39,0.14,Active,
117,Ricardo,Zavala,ricardo.zavala117@northstar-hr.example.com,+880-15-1713-3959,1987-04-19,Male,2023-05-26,16,10,15,137366.18,0.01,On Leave,
118,Sheila,Wilson,sheila.wilson118@northstar-hr.example.com,+880-12-9233-0958,1972-10-28,Female,2022-07-06,4,2,6,65915.79,0,Active,
119,Gregory,Estes,gregory.estes119@northstar-hr.example.com,+880-18-2544-9481,1971-03-06,Female,2026-03-02,16,10,15,110624.17,0.12,Terminated,2026-05-31
120,Daniel,Hamilton,daniel.hamilton120@northstar-hr.example.com,+880-16-0422-3253,1989-02-10,Female,2020-03-26,12,6,11,32291.0,0,Active,
121,Lee,Obrien,lee.obrien121@northstar-hr.example.com,+880-16-7294-6671,1988-02-28,Female,2024-02-17,14,8,13,88627.56,0,Active,
122,Paul,Ray,paul.ray122@northstar-hr.example.com,+880-11-6845-7759,1962-02-04,Female,2022-04-21,6,3,7,69351.81,0.08,Active,
123,Jeanne,Smith,jeanne.smith123@northstar-hr.example.com,+880-11-7518-6363,1978-11-14,Female,2020-02-22,16,10,15,114600.85,0.05,Active,
124,Amanda,Ball,amanda.ball124@northstar-hr.example.com,+880-15-4589-2975,1999-09-06,Female,2025-10-15,12,6,11,38415.35,0,Active,
125,Emily,Diaz,emily.diaz125@northstar-hr.example.com,+880-10-0170-1277,1964-01-10,Female,2024-03-30,8,4,9,55091.9,0,Active,
126,Elizabeth,Rivera,elizabeth.rivera126@northstar-hr.example.com,+880-16-3242-4154,1961-03-07,Female,2018-08-04,12,6,11,36878.76,0,Active,
127,Melanie,Cortez,melanie.cortez127@northstar-hr.example.com,+880-12-0643-6110,1968-03-31,Male,2020-08-22,13,6,11,71673.73,0,Active,
128,Kyle,Ortiz,kyle.ortiz128@northstar-hr.example.com,+880-11-2938-7005,1991-06-24,Male,2020-07-11,4,2,6,59657.34,0,Terminated,2026-06-05
129,Kenneth,Martinez,kenneth.martinez129@northstar-hr.example.com,+880-16-2713-6111,1973-01-10,Male,2021-05-21,14,8,13,82752.65,0,Active,
130,Shelby,Byrd,shelby.byrd130@northstar-hr.example.com,+880-14-2622-1890,1984-07-09,Female,2021-07-16,10,5,10,79212.55,0,Active,
131,Christina,Turner,christina.turner131@northstar-hr.example.com,+880-12-7532-6973,1968-05-06,Female,2025-08-06,16,10,15,119906.28,0.07,Terminated,2025-09-08
132,Aaron,Mitchell,aaron.mitchell132@northstar-hr.example.com,+880-11-9656-5234,1986-11-21,Female,2022-08-11,14,7,12,79599.92,0,Active,
133,Bethany,Pena,bethany.pena133@northstar-hr.example.com,+880-13-8999-4043,1980-12-29,Male,2021-08-14,10,5,10,59222.96,0,Active,
134,Scott,Lewis,scott.lewis134@northstar-hr.example.com,+880-18-3640-3761,1970-05-19,Female,2021-11-29,12,6,11,36405.44,0,Active,
135,Rachel,Flynn,rachel.flynn135@northstar-hr.example.com,+880-19-1805-5269,1977-05-28,Female,2021-12-25,10,5,10,84141.99,0,Active,
136,Christopher,Robertson,christopher.robertson136@northstar-hr.example.com,+880-18-2710-9104,1967-04-17,Male,2019-06-06,8,4,9,54068.03,0,Active,
137,Matthew,Cardenas,matthew.cardenas137@northstar-hr.example.com,+880-10-6848-6661,1987-07-19,Male,2023-04-30,10,5,10,74367.56,0,Active,
138,Emily,Walker,emily.walker138@northstar-hr.example.com,+880-18-9241-4183,2001-05-02,Female,2024-04-27,14,8,13,75092.25,0,Active,
139,Andrew,Sanchez,andrew.sanchez139@northstar-hr.example.com,+880-12-8569-1463,1961-03-28,Male,2019-09-04,14,8,13,61452.73,0,Active,
140,Melissa,Jones,melissa.jones140@northstar-hr.example.com,+880-11-6179-9042,1965-08-28,Female,2021-12-31,10,5,10,83774.05,0,Active,
141,Crystal,Lee,crystal.lee141@northstar-hr.example.com,+880-12-0275-8842,1975-04-24,Female,2021-06-27,14,8,13,60310.45,0,On Leave,
142,Troy,Sanchez,troy.sanchez142@northstar-hr.example.com,+880-14-1056-4814,1990-09-06,Female,2023-11-10,4,2,6,61742.19,0,Active,
143,Adam,Potter,adam.potter143@northstar-hr.example.com,+880-19-1778-5079,1969-06-06,Female,2023-07-10,16,10,15,115273.15,0.11,Terminated,2023-12-27
144,Daniel,Coleman,daniel.coleman144@northstar-hr.example.com,+880-11-9138-0003,1965-10-08,Male,2024-06-24,10,5,10,74902.03,0,Active,
145,Susan,Holmes,susan.holmes145@northstar-hr.example.com,+880-15-6220-8635,1968-07-21,Female,2019-06-25,16,10,15,123148.18,0.07,Active,
146,John,Charles,john.charles146@northstar-hr.example.com,+880-15-4195-1802,1966-07-30,Male,2018-06-04,4,2,6,50214.41,0,Active,
147,Laurie,Contreras,laurie.contreras147@northstar-hr.example.com,+880-18-0617-4451,1982-06-25,Female,2021-11-03,6,3,8,58020.15,0.09,Active,
148,Caitlin,Dodson,caitlin.dodson148@northstar-hr.example.com,+880-10-5349-4937,1980-02-10,Female,2026-04-24,10,5,10,65083.67,0,Active,
149,Cheyenne,Ball,cheyenne.ball149@northstar-hr.example.com,+880-17-3832-0603,1985-11-06,Male,2025-07-02,14,8,13,87336.89,0,Active,
150,Maria,Kelley,maria.kelley150@northstar-hr.example.com,+880-10-5064-1383,1978-01-21,Female,2022-04-01,14,7,12,77667.22,0,Active,
151,Julia,Wells,julia.wells151@northstar-hr.example.com,+880-10-2410-3865,1982-09-03,Female,2025-07-20,6,3,7,46636.91,0.02,Active,
152,John,Walsh,john.walsh152@northstar-hr.example.com,+880-11-9182-6199,1962-05-18,Female,2020-03-07,16,10,15,100595.91,0.08,Active,
153,Adrienne,Sims,adrienne.sims153@northstar-hr.example.com,+880-12-3445-6557,1974-06-15,Male,2024-06-11,14,7,12,70321.56,0,Active,
154,Chris,Mitchell,chris.mitchell154@northstar-hr.example.com,+880-11-3291-2127,1977-11-08,Male,2020-04-23,14,7,12,55905.27,0,Active,
155,Luis,Fernandez,luis.fernandez155@northstar-hr.example.com,+880-16-1853-7474,1992-08-20,Male,2020-04-14,16,10,15,120931.11,0.04,Active,
156,Jesse,Benson,jesse.benson156@northstar-hr.example.com,+880-11-2490-3521,1986-02-21,Female,2019-03-02,14,8,13,61352.12,0,Terminated,2026-04-07
157,Caleb,Russell,caleb.russell157@northstar-hr.example.com,+880-16-8044-2067,1984-08-25,Female,2023-12-11,14,8,13,67178.64,0,Active,
158,Robert,Clark,robert.clark158@northstar-hr.example.com,+880-18-3171-2100,1994-01-09,Female,2022-07-26,12,6,11,39585.48,0,Active,
159,Rebecca,Silva,rebecca.silva159@northstar-hr.example.com,+880-13-2365-1994,1996-05-08,Female,2021-07-15,10,5,10,70918.91,0,Active,
160,Melissa,Cannon,melissa.cannon160@northstar-hr.example.com,+880-11-0137-2151,1964-08-28,Female,2023-11-08,10,5,10,88956.47,0,Active,
161,Adam,Bell,adam.bell161@northstar-hr.example.com,+880-17-0296-6706,1987-02-05,Male,2021-03-14,15,9,14,120662.38,0,Active,
162,Melissa,Ashley,melissa.ashley162@northstar-hr.example.com,+880-12-5324-4720,1987-07-18,Male,2024-05-04,15,9,14,131270.44,0,Active,
163,Julie,Payne,julie.payne163@northstar-hr.example.com,+880-19-3476-8701,1971-10-12,Female,2021-07-11,8,4,9,72830.18,0,On Leave,
164,Jeffrey,Robinson,jeffrey.robinson164@northstar-hr.example.com,+880-12-6383-8065,1981-04-06,Male,2023-01-28,14,8,13,89060.14,0,Active,
165,Anthony,Rogers,anthony.rogers165@northstar-hr.example.com,+880-17-5985-6420,1973-05-01,Male,2021-09-01,6,3,7,62090.06,0.07,Active,
166,Richard,Martin,richard.martin166@northstar-hr.example.com,+880-13-0407-8593,2000-09-16,Male,2023-09-19,8,4,9,73411.82,0,Active,
167,David,Dean,david.dean167@northstar-hr.example.com,+880-11-3348-0396,1974-10-24,Female,2021-12-07,14,8,13,69542.16,0,Active,
168,Phillip,Elliott,phillip.elliott168@northstar-hr.example.com,+880-12-2395-5905,1994-03-22,Female,2018-03-24,14,8,13,74294.28,0,Active,
169,Dawn,Taylor,dawn.taylor169@northstar-hr.example.com,+880-19-2937-8427,1959-06-15,Female,2018-03-25,8,4,9,53287.42,0,On Leave,
170,Brent,Gray,brent.gray170@northstar-hr.example.com,+880-10-3930-8705,1996-09-09,Female,2021-11-19,13,6,11,63485.17,0,Active,
171,Mark,Juarez,mark.juarez171@northstar-hr.example.com,+880-13-2525-0029,1986-05-01,Female,2019-10-13,16,10,15,115094.63,0.13,Active,
172,Karen,Decker,karen.decker172@northstar-hr.example.com,+880-12-1851-5691,1973-11-08,Female,2021-03-11,13,6,11,68660.34,0,On Leave,
173,Christopher,Smith,christopher.smith173@northstar-hr.example.com,+880-15-2267-5289,1990-01-01,Female,2020-02-15,8,4,9,52006.87,0,Active,
174,Zoe,Bell,zoe.bell174@northstar-hr.example.com,+880-13-9264-4220,1998-07-26,Female,2022-07-16,2,1,5,135261.39,0,Active,
175,Kimberly,Pearson,kimberly.pearson175@northstar-hr.example.com,+880-19-6902-9593,1987-08-10,Male,2023-06-21,14,7,12,88768.86,0,Active,
176,Stefanie,Gonzalez,stefanie.gonzalez176@northstar-hr.example.com,+880-11-7251-3552,1988-05-23,Female,2024-05-06,15,9,14,143709.52,0,Active,
177,Elijah,Martinez,elijah.martinez177@northstar-hr.example.com,+880-11-5704-3315,1967-10-19,Female,2018-03-04,20,2,6,62228.43,0,Active,
178,Anne,Robinson,anne.robinson178@northstar-hr.example.com,+880-11-0067-6267,1997-01-24,Female,2023-08-20,6,3,8,71261.01,0.14,Terminated,2024-08-21
179,Katie,Jackson,katie.jackson179@northstar-hr.example.com,+880-16-1793-2710,1974-06-20,Female,2023-11-20,13,6,11,80552.96,0,Active,
180,Julie,Wilson,julie.wilson180@northstar-hr.example.com,+880-15-4115-2621,1983-11-06,Male,2023-02-10,13,6,11,73523.78,0,Active,
181,Tami,Rodriguez,tami.rodriguez181@northstar-hr.example.com,+880-11-5997-0629,1998-08-08,Male,2024-11-22,10,5,10,70189.0,0,Active,
182,Larry,Byrd,larry.byrd182@northstar-hr.example.com,+880-12-0153-3688,1968-02-20,Male,2018-03-20,20,2,6,61432.03,0,Terminated,2020-07-18
183,Randy,Espinoza,randy.espinoza183@northstar-hr.example.com,+880-13-1069-8720,1979-09-25,Female,2026-01-23,2,1,4,114668.39,0,Active,
184,Hannah,Burton,hannah.burton184@northstar-hr.example.com,+880-16-1497-3103,1964-08-07,Male,2018-08-22,14,7,12,73590.82,0,Terminated,2020-12-06
185,Kendra,Jefferson,kendra.jefferson185@northstar-hr.example.com,+880-11-7146-7741,1982-12-11,Female,2018-11-10,6,3,7,64379.67,0.14,Active,
186,David,Riggs,david.riggs186@northstar-hr.example.com,+880-16-2565-2704,1979-09-25,Male,2023-01-20,16,10,15,136077.31,0.05,Active,
187,Michael,Patterson,michael.patterson187@northstar-hr.example.com,+880-14-3490-2115,1995-03-08,Male,2024-08-02,8,4,9,58787.11,0,Active,
188,William,Peterson,william.peterson188@northstar-hr.example.com,+880-16-9380-6868,1987-03-10,Female,2021-02-12,14,8,13,57585.17,0,Active,
189,Lynn,Garcia,lynn.garcia189@northstar-hr.example.com,+880-17-9374-1608,1986-10-16,Female,2025-02-23,16,10,15,126064.11,0.03,Active,
190,Cynthia,Poole,cynthia.poole190@northstar-hr.example.com,+880-18-9921-7223,1996-10-12,Male,2026-01-31,10,5,10,84866.74,0,Active,
191,Ryan,Gross,ryan.gross191@northstar-hr.example.com,+880-12-0616-3294,1975-06-16,Female,2023-12-14,8,4,9,62244.36,0,Active,
192,Joseph,Morton,joseph.morton192@northstar-hr.example.com,+880-11-1686-8548,1983-06-19,Male,2026-02-14,2,1,5,100404.9,0,Active,
193,Timothy,Graham,timothy.graham193@northstar-hr.example.com,+880-10-9986-1622,1983-10-31,Male,2022-07-12,16,10,15,129908.34,0.03,Active,
194,Joseph,Christian,joseph.christian194@northstar-hr.example.com,+880-19-1191-4856,1974-01-28,Female,2024-02-25,16,10,15,123647.8,0.02,Active,
195,Christopher,Keith,christopher.keith195@northstar-hr.example.com,+880-17-9970-2462,1988-02-07,Female,2024-12-27,6,3,7,52357.32,0.12,Active,
196,Steven,Bishop,steven.bishop196@northstar-hr.example.com,+880-16-0653-0745,1960-10-08,Female,2020-01-20,2,1,4,104506.67,0,Active,
197,Anthony,Rosales,anthony.rosales197@northstar-hr.example.com,+880-14-4471-3247,1990-07-23,Female,2021-03-10,13,6,11,61023.84,0,Active,
198,Jason,Salinas,jason.salinas198@northstar-hr.example.com,+880-15-4691-3736,1987-07-20,Female,2019-07-13,15,9,14,112848.5,0,Terminated,2024-10-26
199,Nicole,Haynes,nicole.haynes199@northstar-hr.example.com,+880-15-0821-4862,1990-05-01,Male,2020-11-11,10,5,10,71391.6,0,Active,
200,Alejandro,Vaughan,alejandro.vaughan200@northstar-hr.example.com,+880-18-9023-3030,1977-06-28,Female,2020-04-28,6,3,8,78690.79,0.04,Active,
201,Jennifer,Freeman,jennifer.freeman201@northstar-hr.example.com,+880-15-3457-8610,1967-05-15,Male,2018-09-21,20,2,6,49404.84,0,Active,
202,Hannah,Brewer,hannah.brewer202@northstar-hr.example.com,+880-17-9727-9855,1970-04-10,Female,2024-05-18,14,8,13,75459.6,0,Active,
203,Laura,Davis,laura.davis203@northstar-hr.example.com,+880-14-1406-0293,1994-09-06,Female,2022-02-17,4,2,6,45750.74,0,Active,
204,Heather,Torres,heather.torres204@northstar-hr.example.com,+880-13-3468-0072,1984-02-28,Female,2019-11-12,16,10,15,123593.18,0.02,Active,
205,Thomas,Schmidt,thomas.schmidt205@northstar-hr.example.com,+880-19-0349-4466,1995-02-14,Male,2022-11-23,10,5,10,59892.2,0,Terminated,2024-07-19
206,Julie,Rivera,julie.rivera206@northstar-hr.example.com,+880-13-7489-6910,1980-09-23,Male,2021-07-31,10,5,10,58401.72,0,Active,
207,Joseph,King,joseph.king207@northstar-hr.example.com,+880-15-8994-4171,1976-01-31,Female,2023-11-30,14,7,12,78467.02,0,Active,
208,James,Wilson,james.wilson208@northstar-hr.example.com,+880-14-5444-3283,1993-03-15,Female,2019-01-06,16,10,15,124471.49,0.1,Active,
209,Kathleen,Lopez,kathleen.lopez209@northstar-hr.example.com,+880-19-6520-7446,1977-07-31,Female,2022-07-05,16,10,15,96472.23,0.12,Active,
210,Todd,Hardy,todd.hardy210@northstar-hr.example.com,+880-10-9935-3875,1978-09-11,Female,2019-10-27,8,4,9,73516.66,0,Terminated,2025-06-18
211,Alicia,Campbell,alicia.campbell211@northstar-hr.example.com,+880-18-2417-2482,2002-03-11,Female,2026-03-21,20,2,6,43695.4,0,Terminated,2026-06-20
212,James,Perez,james.perez212@northstar-hr.example.com,+880-11-3534-6554,1980-09-30,Male,2018-11-05,8,4,9,47750.2,0,Active,
213,Alexis,Ferguson,alexis.ferguson213@northstar-hr.example.com,+880-17-1709-9917,1993-04-02,Male,2019-07-06,16,10,15,130405.76,0.12,Active,
214,Terri,Tran,terri.tran214@northstar-hr.example.com,+880-18-1684-6022,1998-01-04,Male,2020-04-22,6,3,7,73192.71,0.07,Active,
215,David,Oneill,david.oneill215@northstar-hr.example.com,+880-15-6972-5217,1975-12-06,Male,2023-11-14,16,10,15,109785.18,0.12,Active,
216,Monique,Andrews,monique.andrews216@northstar-hr.example.com,+880-12-5007-4329,1991-02-24,Male,2022-02-17,16,10,15,133628.28,0.1,On Leave,
217,Scott,Lopez,scott.lopez217@northstar-hr.example.com,+880-17-1296-6667,1975-12-06,Male,2021-12-13,6,3,7,44397.05,0.03,Active,
218,Shelley,Woods,shelley.woods218@northstar-hr.example.com,+880-10-8350-5830,1984-01-04,Male,2018-06-07,6,3,8,71599.39,0.01,Active,
219,Richard,Jones,richard.jones219@northstar-hr.example.com,+880-13-3542-1689,1975-11-30,Male,2024-12-01,16,10,15,102841.08,0.04,Active,
220,Brian,Hernandez,brian.hernandez220@northstar-hr.example.com,+880-11-0447-8985,1979-08-11,Female,2023-04-19,6,3,7,69826.61,0.01,Active,
221,Kevin,Mcknight,kevin.mcknight221@northstar-hr.example.com,+880-12-5753-2603,1970-09-09,Male,2022-09-26,14,8,13,70820.19,0,Active,
222,Kathy,Obrien,kathy.obrien222@northstar-hr.example.com,+880-12-3098-2150,1972-08-18,Male,2018-12-31,16,10,15,115611.91,0.08,Active,
223,Jeremiah,Mills,jeremiah.mills223@northstar-hr.example.com,+880-14-8909-0100,1990-08-29,Male,2024-08-26,2,1,5,121313.68,0,Active,
224,Scott,Dalton,scott.dalton224@northstar-hr.example.com,+880-16-7618-4723,1987-12-19,Female,2021-10-16,14,8,13,86474.34,0,Active,
225,Kevin,Oliver,kevin.oliver225@northstar-hr.example.com,+880-10-4618-4992,1982-01-20,Female,2026-05-01,16,10,15,100678.62,0.08,Active,
226,Jody,Meza,jody.meza226@northstar-hr.example.com,+880-11-8914-1173,1986-03-22,Female,2023-02-17,14,7,12,72694.29,0,Active,
227,Jason,Guerrero,jason.guerrero227@northstar-hr.example.com,+880-14-8356-4208,1978-03-26,Male,2019-10-01,4,2,6,57902.1,0,Active,
228,Glenn,Jones,glenn.jones228@northstar-hr.example.com,+880-13-7530-0119,1984-08-21,Male,2019-04-28,14,7,12,68955.56,0,Active,
229,Shannon,Wheeler,shannon.wheeler229@northstar-hr.example.com,+880-12-1811-4374,1968-01-16,Female,2018-01-09,13,6,11,74953.24,0,Active,
230,Jesse,Mann,jesse.mann230@northstar-hr.example.com,+880-10-1204-5561,1963-08-27,Male,2020-06-14,6,3,7,43648.99,0.15,Active,
231,Shawn,Mcdaniel,shawn.mcdaniel231@northstar-hr.example.com,+880-10-0225-5794,1997-03-09,Female,2023-12-01,20,2,6,62848.49,0,Active,
232,Kristin,Weber,kristin.weber232@northstar-hr.example.com,+880-11-5521-6674,1997-05-27,Female,2025-10-10,6,3,8,66800.53,0.02,Active,
233,Sarah,Coleman,sarah.coleman233@northstar-hr.example.com,+880-17-6212-0216,1998-02-20,Female,2023-07-25,13,6,11,84051.96,0,Active,
234,Deborah,Kerr,deborah.kerr234@northstar-hr.example.com,+880-17-9729-6590,1995-04-13,Female,2022-08-01,12,6,11,35558.79,0,Active,
235,Charles,Martin,charles.martin235@northstar-hr.example.com,+880-12-7716-7014,1989-07-06,Female,2024-12-15,8,4,9,70361.2,0,Terminated,2024-12-21
236,Kaitlyn,Carroll,kaitlyn.carroll236@northstar-hr.example.com,+880-18-9935-8891,1976-09-13,Male,2020-08-03,20,2,6,64602.2,0,Active,
237,David,Barker,david.barker237@northstar-hr.example.com,+880-13-7562-8900,1984-09-21,Female,2020-06-05,16,10,15,103118.72,0.05,Active,
238,Sherri,Mason,sherri.mason238@northstar-hr.example.com,+880-12-8772-1753,1975-11-14,Male,2023-11-21,13,6,11,60442.17,0,Active,
239,Christopher,Williams,christopher.williams239@northstar-hr.example.com,+880-14-0838-6631,1979-07-08,Male,2022-02-26,16,10,15,101384.36,0.12,Active,
240,Marcus,Wright,marcus.wright240@northstar-hr.example.com,+880-19-7177-5170,1964-12-19,Female,2021-08-20,4,2,6,57594.97,0,Active,
241,Suzanne,Huff,suzanne.huff241@northstar-hr.example.com,+880-16-0880-1994,1992-07-04,Male,2018-10-08,6,3,8,68863.84,0.11,Terminated,2023-02-11
242,Stephanie,Key,stephanie.key242@northstar-hr.example.com,+880-17-5503-7589,1985-04-20,Male,2022-11-03,1,1,4,97721.79,0,Active,
243,Joseph,Williams,joseph.williams243@northstar-hr.example.com,+880-15-7113-0554,1984-03-03,Female,2023-08-28,20,2,6,60534.28,0,Active,
244,Thomas,Pearson,thomas.pearson244@northstar-hr.example.com,+880-15-1027-2614,1987-06-08,Male,2024-05-13,16,10,15,107292.51,0.07,Active,
245,Howard,Richards,howard.richards245@northstar-hr.example.com,+880-13-1637-3516,1966-10-20,Female,2025-09-16,13,6,11,63497.39,0,Active,
246,Travis,Davis,travis.davis246@northstar-hr.example.com,+880-19-1779-8270,1983-05-03,Male,2023-05-05,15,9,14,111025.92,0,Terminated,2023-06-30
247,Mathew,Santiago,mathew.santiago247@northstar-hr.example.com,+880-16-9782-9221,1975-01-30,Male,2020-12-05,1,1,5,107266.2,0,Active,
248,Mark,Steele,mark.steele248@northstar-hr.example.com,+880-19-9586-6934,1980-03-16,Female,2025-03-20,10,5,10,59199.45,0,On Leave,
249,Sierra,Cervantes,sierra.cervantes249@northstar-hr.example.com,+880-15-4722-6984,1992-05-23,Male,2020-06-04,14,7,12,68307.26,0,Active,
250,Shawn,Edwards,shawn.edwards250@northstar-hr.example.com,+880-18-5833-3945,1997-08-02,Male,2022-08-18,15,9,14,119853.56,0,Active,
251,Tara,Powell,tara.powell251@northstar-hr.example.com,+880-12-2885-1587,1982-07-26,Female,2020-09-20,14,7,12,87240.69,0,Active,
252,Vanessa,Sandoval,vanessa.sandoval252@northstar-hr.example.com,+880-16-8460-8106,1967-07-28,Female,2022-05-01,16,10,15,126927.45,0.09,On Leave,
253,Robert,Lopez,robert.lopez253@northstar-hr.example.com,+880-10-3424-4204,1969-11-13,Female,2022-07-26,10,5,10,55729.98,0,Active,
254,Katherine,Garrett,katherine.garrett254@northstar-hr.example.com,+880-18-0571-9838,1975-10-18,Male,2021-01-16,6,3,8,43525.2,0.14,Active,
255,James,Dunn,james.dunn255@northstar-hr.example.com,+880-18-4066-6580,1964-06-30,Female,2024-05-24,8,4,9,60718.88,0,Active,
256,Samuel,Wolfe,samuel.wolfe256@northstar-hr.example.com,+880-14-3973-5989,1972-08-16,Male,2025-10-21,10,5,10,66657.4,0,Active,
257,Teresa,Lynch,teresa.lynch257@northstar-hr.example.com,+880-13-4721-2281,1973-05-05,Female,2019-01-09,4,2,6,72177.68,0,Active,
258,Eric,Pierce,eric.pierce258@northstar-hr.example.com,+880-16-4842-2940,1972-07-25,Female,2020-01-06,12,6,11,34364.5,0,Active,
259,Christopher,Gay,christopher.gay259@northstar-hr.example.com,+880-12-0259-0947,1992-07-12,Male,2022-08-25,8,4,9,67806.46,0,Active,
260,Steven,Wilson,steven.wilson260@northstar-hr.example.com,+880-18-5158-3281,1995-05-31,Female,2025-09-06,6,3,8,70177.83,0.15,Active,
261,Tyrone,Moran,tyrone.moran261@northstar-hr.example.com,+880-12-6886-1533,1990-03-17,Male,2025-01-01,16,10,15,101793.08,0.12,Active,
262,Joshua,Davenport,joshua.davenport262@northstar-hr.example.com,+880-15-5439-8780,1966-05-24,Male,2022-04-13,14,8,13,82871.54,0,Active,
263,John,Arnold,john.arnold263@northstar-hr.example.com,+880-15-7399-3056,2001-01-12,Male,2026-04-01,12,6,11,42620.08,0,Active,
264,Sandra,Romero,sandra.romero264@northstar-hr.example.com,+880-11-6484-0858,1991-09-09,Male,2021-03-24,2,1,5,103836.55,0,Active,
265,Michelle,Hill,michelle.hill265@northstar-hr.example.com,+880-17-7043-5811,1971-06-06,Male,2025-05-26,16,10,15,121114.82,0.14,Active,
266,Robert,Villa,robert.villa266@northstar-hr.example.com,+880-18-8013-3613,1984-10-12,Male,2024-08-24,14,8,13,76175.2,0,Active,
267,Lori,Campbell,lori.campbell267@northstar-hr.example.com,+880-16-1207-5011,1964-01-29,Female,2022-04-10,2,1,4,140548.34,0,Active,
268,Brenda,Duarte,brenda.duarte268@northstar-hr.example.com,+880-14-8193-4667,1984-04-08,Female,2020-07-06,4,2,6,52432.31,0,Active,
269,Edgar,Ryan,edgar.ryan269@northstar-hr.example.com,+880-16-5061-8091,1990-10-25,Female,2022-02-13,14,8,13,68049.82,0,Active,
270,Andrea,Daniels,andrea.daniels270@northstar-hr.example.com,+880-19-0158-1449,1963-05-14,Male,2020-11-26,14,7,12,78761.42,0,Active,
271,Marc,Lopez,marc.lopez271@northstar-hr.example.com,+880-17-6607-2832,1989-12-28,Female,2021-10-31,12,6,11,34173.64,0,Active,
272,Ashley,Hall,ashley.hall272@northstar-hr.example.com,+880-18-4245-0882,1967-10-16,Male,2023-11-14,10,5,10,66667.67,0,Active,
273,Bradley,Garner,bradley.garner273@northstar-hr.example.com,+880-10-9968-8143,1992-10-29,Male,2024-07-11,13,6,11,58868.55,0,Active,
274,Lisa,Hughes,lisa.hughes274@northstar-hr.example.com,+880-15-3682-2239,1995-07-02,Male,2023-12-08,10,5,10,83461.47,0,Terminated,2024-06-06
275,Lori,Pollard,lori.pollard275@northstar-hr.example.com,+880-12-9087-8141,1972-09-02,Male,2023-08-02,14,7,12,67690.92,0,Active,
276,Benjamin,Shaw,benjamin.shaw276@northstar-hr.example.com,+880-13-9755-2314,1985-08-24,Male,2022-03-03,8,4,9,50760.16,0,Active,
277,Molly,Sawyer,molly.sawyer277@northstar-hr.example.com,+880-13-5775-9492,1984-01-14,Male,2022-12-19,6,3,8,73777.14,0.01,Active,
278,Alicia,Bryant,alicia.bryant278@northstar-hr.example.com,+880-15-5620-5336,1971-09-17,Male,2021-09-15,15,9,14,143819.64,0,Active,
279,Robert,Pena,robert.pena279@northstar-hr.example.com,+880-15-2577-7547,1985-01-02,Male,2024-01-30,16,10,15,102301.12,0.06,Terminated,2024-07-03
280,Terrance,Costa,terrance.costa280@northstar-hr.example.com,+880-19-1428-3411,1993-03-02,Male,2019-04-20,14,8,13,67750.48,0,Active,
281,Heather,Santos,heather.santos281@northstar-hr.example.com,+880-18-0996-9308,1970-02-14,Male,2020-11-06,14,8,13,63190.1,0,Active,
282,Melissa,Villarreal,melissa.villarreal282@northstar-hr.example.com,+880-18-7256-3942,1982-09-26,Female,2025-03-02,10,5,10,67874.43,0,Active,
283,Levi,Higgins,levi.higgins283@northstar-hr.example.com,+880-18-1658-0392,1989-12-03,Female,2021-03-13,14,8,13,72601.73,0,Terminated,2021-12-09
284,Monique,Johnson,monique.johnson284@northstar-hr.example.com,+880-12-2992-7503,1993-03-25,Male,2024-05-22,6,3,7,74920.08,0.1,Active,
285,Crystal,Mccall,crystal.mccall285@northstar-hr.example.com,+880-13-1453-0385,1972-12-20,Male,2018-07-30,14,8,13,79899.03,0,Active,
286,Julie,Hamilton,julie.hamilton286@northstar-hr.example.com,+880-17-0051-8449,1986-11-25,Male,2026-05-24,10,5,10,64547.7,0,Terminated,2026-05-30
287,Cynthia,Brennan,cynthia.brennan287@northstar-hr.example.com,+880-16-5918-4638,1973-10-03,Female,2018-10-30,14,7,12,83584.61,0,Active,
288,Heather,Berger,heather.berger288@northstar-hr.example.com,+880-15-7790-8272,1969-11-28,Female,2021-09-25,2,1,4,119822.7,0,Active,
289,Laura,Carter,laura.carter289@northstar-hr.example.com,+880-18-4322-2591,1983-05-19,Male,2018-05-22,8,4,9,56247.38,0,Terminated,2021-10-01
290,Dustin,Schmidt,dustin.schmidt290@northstar-hr.example.com,+880-15-1777-3926,1961-11-09,Male,2021-02-25,12,6,11,50201.75,0,Active,
291,Laura,Jackson,laura.jackson291@northstar-hr.example.com,+880-10-2992-2809,1967-09-11,Male,2022-10-06,2,1,5,134803.6,0,Active,
292,Monica,Harvey,monica.harvey292@northstar-hr.example.com,+880-12-4286-9904,1994-08-14,Male,2018-08-31,14,8,13,86705.01,0,Active,
293,Roberta,Thomas,roberta.thomas293@northstar-hr.example.com,+880-13-7977-2369,1965-06-05,Female,2020-01-11,10,5,10,74208.15,0,Active,
294,Jonathan,Scott,jonathan.scott294@northstar-hr.example.com,+880-19-2984-2579,1983-12-18,Male,2021-11-18,20,2,6,50432.23,0,Active,
295,Linda,Santana,linda.santana295@northstar-hr.example.com,+880-13-6621-0388,1984-01-21,Female,2018-01-29,8,4,9,46884.21,0,Active,
296,Eric,Alexander,eric.alexander296@northstar-hr.example.com,+880-12-9127-9908,1982-06-25,Female,2023-09-14,16,10,15,127334.49,0.02,Active,
297,Briana,Fowler,briana.fowler297@northstar-hr.example.com,+880-11-1729-8068,1976-05-13,Female,2020-11-27,14,7,12,63419.75,0,Active,
298,John,Bruce,john.bruce298@northstar-hr.example.com,+880-10-8637-6599,1964-10-08,Male,2021-07-27,6,3,8,42707.17,0.11,Active,
299,Paul,Webb,paul.webb299@northstar-hr.example.com,+880-12-4731-4986,1968-12-21,Female,2019-09-05,14,7,12,77248.48,0,Active,
300,Ashley,Andrews,ashley.andrews300@northstar-hr.example.com,+880-10-0981-8063,1985-10-25,Female,2019-12-30,10,5,10,82598.2,0,Active,
301,Kenneth,Spence,kenneth.spence301@northstar-hr.example.com,+880-15-6512-6944,1998-10-16,Female,2026-05-09,8,4,9,49002.29,0,Active,
302,Joshua,Knight,joshua.knight302@northstar-hr.example.com,+880-16-9594-6368,1993-03-16,Female,2023-07-16,15,9,14,141519.18,0,Active,
303,Julie,Williams,julie.williams303@northstar-hr.example.com,+880-17-2588-7449,1976-05-08,Female,2023-10-09,14,8,13,57208.52,0,Active,
304,Tyler,Strong,tyler.strong304@northstar-hr.example.com,+880-16-2137-2138,1978-04-06,Male,2023-02-07,2,1,4,102190.31,0,Active,
305,Lauren,Lawson,lauren.lawson305@northstar-hr.example.com,+880-15-8902-6012,1978-02-11,Female,2020-05-29,2,1,5,125769.18,0,On Leave,
306,Dana,Oliver,dana.oliver306@northstar-hr.example.com,+880-19-6114-3519,1961-06-21,Male,2020-12-18,10,5,10,65013.88,0,Active,
307,Jennifer,Hopkins,jennifer.hopkins307@northstar-hr.example.com,+880-16-6984-9027,1979-12-28,Female,2023-09-14,13,6,11,78980.27,0,Terminated,2024-04-06
308,Courtney,Berger,courtney.berger308@northstar-hr.example.com,+880-18-4309-8839,1971-06-14,Male,2025-01-20,14,7,12,66866.28,0,Active,
309,Kyle,Alexander,kyle.alexander309@northstar-hr.example.com,+880-10-5302-1465,1988-09-28,Female,2023-06-10,14,8,13,87350.87,0,Active,
310,Jessica,Davis,jessica.davis310@northstar-hr.example.com,+880-16-9380-1184,1990-03-26,Male,2022-11-17,20,2,6,54057.0,0,Active,
311,Julie,Thompson,julie.thompson311@northstar-hr.example.com,+880-18-9554-3937,1995-10-11,Female,2020-06-25,15,9,14,105129.9,0,Active,
312,Amber,Mata,amber.mata312@northstar-hr.example.com,+880-19-0426-8181,1978-03-06,Female,2019-02-11,10,5,10,76091.76,0,Active,
313,Robin,Rivas,robin.rivas313@northstar-hr.example.com,+880-15-1848-9476,1983-08-31,Female,2022-06-20,6,3,8,57885.19,0.07,Active,
314,Makayla,Olson,makayla.olson314@northstar-hr.example.com,+880-13-5779-0714,1962-07-30,Male,2020-02-29,16,10,15,123776.12,0.01,Active,
315,Julie,Morgan,julie.morgan315@northstar-hr.example.com,+880-13-3565-8804,1973-08-17,Male,2024-10-14,20,2,6,56366.41,0,Active,
316,Sydney,Taylor,sydney.taylor316@northstar-hr.example.com,+880-11-6518-2755,1966-07-08,Male,2018-12-20,1,1,5,61739.95,0,Terminated,2023-04-15
317,Michelle,Ramsey,michelle.ramsey317@northstar-hr.example.com,+880-12-3733-3433,1973-09-24,Male,2026-02-18,8,4,9,56485.63,0,Active,
318,Tammy,Ballard,tammy.ballard318@northstar-hr.example.com,+880-13-9521-1179,1966-04-03,Female,2026-03-31,16,10,15,137697.06,0.08,Active,
319,Krystal,Smith,krystal.smith319@northstar-hr.example.com,+880-18-0759-5794,1979-09-09,Female,2021-01-29,14,8,13,73531.1,0,Active,
320,Shawn,Chambers,shawn.chambers320@northstar-hr.example.com,+880-18-4639-2086,1980-06-03,Male,2022-07-07,13,6,11,83815.6,0,Active,
321,Brenda,Carson,brenda.carson321@northstar-hr.example.com,+880-18-0856-2718,1980-10-13,Male,2023-08-29,6,3,8,76541.7,0.13,Active,
322,Daniel,Hall,daniel.hall322@northstar-hr.example.com,+880-10-0369-1559,1998-07-13,Female,2025-11-29,10,5,10,62509.96,0,Active,
323,Nicole,Hoffman,nicole.hoffman323@northstar-hr.example.com,+880-12-8434-7955,1965-01-10,Male,2018-03-18,14,8,13,59750.49,0,Active,
324,Jeffrey,Brown,jeffrey.brown324@northstar-hr.example.com,+880-16-3655-6472,1987-02-11,Female,2025-09-13,14,8,13,89904.18,0,Active,
325,Regina,Turner,regina.turner325@northstar-hr.example.com,+880-19-3143-8663,1969-09-04,Male,2024-12-06,12,6,11,52500.63,0,Active,
326,Donald,Shah,donald.shah326@northstar-hr.example.com,+880-12-7026-7288,1988-09-10,Male,2021-06-08,6,3,7,44854.5,0.11,Active,
327,Travis,Davis,travis.davis327@northstar-hr.example.com,+880-17-4489-0612,1962-04-25,Female,2020-07-24,6,3,8,41051.36,0.15,Active,
328,Derek,Chavez,derek.chavez328@northstar-hr.example.com,+880-14-7175-4558,1986-06-11,Female,2025-06-19,14,8,13,57301.18,0,Active,
329,Julia,Bautista,julia.bautista329@northstar-hr.example.com,+880-14-5061-5939,1985-04-03,Male,2023-08-23,14,8,13,83816.88,0,Active,
330,Julia,Moore,julia.moore330@northstar-hr.example.com,+880-18-2455-8771,1975-09-06,Female,2021-07-11,6,3,7,57998.98,0.09,Active,
331,Corey,Burns,corey.burns331@northstar-hr.example.com,+880-14-7225-6996,1993-09-02,Male,2021-06-28,6,3,7,57304.73,0.14,Active,
332,Stephanie,Johnson,stephanie.johnson332@northstar-hr.example.com,+880-11-1253-5544,1984-04-07,Female,2021-06-08,4,2,6,49939.71,0,Active,
333,Scott,Sampson,scott.sampson333@northstar-hr.example.com,+880-16-4759-8762,1968-01-04,Female,2021-02-12,8,4,9,70378.01,0,Active,
334,Cory,Jennings,cory.jennings334@northstar-hr.example.com,+880-10-2341-3261,1968-08-25,Male,2025-03-13,8,4,9,63750.67,0,Active,
335,Tiffany,Howard,tiffany.howard335@northstar-hr.example.com,+880-17-8006-8114,1985-11-06,Female,2022-08-01,15,9,14,108560.03,0,Active,
336,James,Martinez,james.martinez336@northstar-hr.example.com,+880-11-6433-4722,1981-03-14,Female,2021-05-08,16,10,15,98655.03,0.08,Active,
337,Shawn,Bates,shawn.bates337@northstar-hr.example.com,+880-12-0055-7784,1985-12-02,Female,2025-02-19,8,4,9,59941.14,0,Active,
338,Carla,Smith,carla.smith338@northstar-hr.example.com,+880-12-8299-7968,1987-07-27,Female,2023-05-26,10,5,10,83164.09,0,Active,
339,John,Martinez,john.martinez339@northstar-hr.example.com,+880-18-4578-3174,1978-02-15,Male,2024-08-14,10,5,10,79101.48,0,Active,
340,Casey,Hubbard,casey.hubbard340@northstar-hr.example.com,+880-14-2400-8254,1980-03-07,Female,2022-10-01,14,8,13,71255.48,0,Active,
341,Jason,Kane,jason.kane341@northstar-hr.example.com,+880-10-7740-6493,1989-11-13,Female,2019-09-29,16,10,15,133766.83,0.04,Terminated,2023-06-12
342,Dylan,Lester,dylan.lester342@northstar-hr.example.com,+880-13-6866-3266,1968-07-20,Male,2020-10-06,13,6,11,77819.95,0,Active,
343,Michele,Thomas,michele.thomas343@northstar-hr.example.com,+880-11-6389-4484,1973-09-12,Female,2018-01-09,12,6,11,34818.0,0,Active,
344,John,Thompson,john.thompson344@northstar-hr.example.com,+880-11-2241-7974,1985-09-07,Female,2019-02-04,8,4,9,46518.16,0,Active,
345,Anthony,Smith,anthony.smith345@northstar-hr.example.com,+880-17-3502-0802,2000-06-30,Male,2023-07-25,16,10,15,138320.86,0.04,Terminated,2024-05-22
346,John,Morris,john.morris346@northstar-hr.example.com,+880-12-7031-2073,1977-03-19,Female,2024-08-24,13,6,11,77893.64,0,Active,
347,Brian,Harmon,brian.harmon347@northstar-hr.example.com,+880-14-7570-5120,1969-04-02,Female,2019-06-20,15,9,14,143953.78,0,Active,
348,Julie,Alvarez,julie.alvarez348@northstar-hr.example.com,+880-16-1872-3460,1966-09-08,Male,2022-06-05,1,1,5,85272.22,0,Active,
349,William,Rodriguez,william.rodriguez349@northstar-hr.example.com,+880-13-6730-3718,1989-09-02,Female,2024-07-18,8,4,9,46516.21,0,Active,
350,Sonia,Williams,sonia.williams350@northstar-hr.example.com,+880-13-7645-2088,1966-09-02,Male,2022-03-29,16,10,15,119151.08,0.0,Active,
351,Michelle,Boyd,michelle.boyd351@northstar-hr.example.com,+880-17-4350-3136,1976-07-09,Female,2024-08-03,14,7,12,80462.78,0,Active,
352,Tamara,Brown,tamara.brown352@northstar-hr.example.com,+880-12-4916-3009,1991-06-10,Male,2021-11-08,12,6,11,33176.63,0,Active,
353,Richard,Parks,richard.parks353@northstar-hr.example.com,+880-17-9251-3271,1988-02-01,Female,2022-01-11,13,6,11,66590.46,0,Active,
354,Renee,Jones,renee.jones354@northstar-hr.example.com,+880-15-0052-8127,1970-11-14,Male,2022-02-15,15,9,14,106433.17,0,Active,
355,Charlene,Jones,charlene.jones355@northstar-hr.example.com,+880-18-5730-6524,1992-10-05,Female,2018-09-06,14,7,12,74524.11,0,Active,
356,Cynthia,Kelley,cynthia.kelley356@northstar-hr.example.com,+880-17-7848-7392,1980-10-29,Male,2020-04-25,6,3,8,60003.12,0.06,Active,
357,Virginia,Schmidt,virginia.schmidt357@northstar-hr.example.com,+880-15-7498-2182,1977-05-28,Female,2020-09-26,1,1,5,100198.29,0,Active,
358,Catherine,Garcia,catherine.garcia358@northstar-hr.example.com,+880-14-8570-8620,1985-01-20,Female,2021-10-26,6,3,8,77254.75,0.11,Active,
359,Melissa,Curtis,melissa.curtis359@northstar-hr.example.com,+880-15-9351-8638,1989-07-31,Female,2023-11-27,6,3,8,63748.99,0.12,Active,
360,Jennifer,Lewis,jennifer.lewis360@northstar-hr.example.com,+880-18-2945-6511,1984-02-16,Female,2024-06-21,16,10,15,131708.7,0.05,Active,
361,Jeremy,Morgan,jeremy.morgan361@northstar-hr.example.com,+880-11-0220-3173,1964-10-31,Male,2021-10-19,12,6,11,45425.15,0,Active,
362,Robert,Davis,robert.davis362@northstar-hr.example.com,+880-19-6789-9405,1969-07-26,Male,2021-10-25,16,10,15,138518.18,0.0,Active,
363,Elizabeth,Brooks,elizabeth.brooks363@northstar-hr.example.com,+880-11-0371-7058,1989-09-09,Female,2021-08-04,2,1,4,126211.62,0,Active,
364,Sandra,Jones,sandra.jones364@northstar-hr.example.com,+880-16-5094-8014,1961-12-25,Male,2019-04-15,6,3,7,62902.81,0.07,Active,
365,Christopher,Davis,christopher.davis365@northstar-hr.example.com,+880-13-8113-8633,1984-07-07,Male,2024-12-31,8,4,9,54410.77,0,Active,
366,Lisa,Hawkins,lisa.hawkins366@northstar-hr.example.com,+880-13-9288-6195,1989-10-10,Female,2024-03-20,14,7,12,72563.68,0,Active,
367,Anna,Rivera,anna.rivera367@northstar-hr.example.com,+880-16-1228-6852,1982-10-15,Female,2022-12-08,1,1,4,88044.34,0,Active,
368,Michael,Ortega,michael.ortega368@northstar-hr.example.com,+880-19-7558-5566,1990-06-02,Female,2019-01-11,15,9,14,147834.27,0,Active,
369,Miranda,Griffith,miranda.griffith369@northstar-hr.example.com,+880-15-9398-3684,1977-10-16,Female,2024-04-24,15,9,14,133793.43,0,Active,
370,Caroline,Bell,caroline.bell370@northstar-hr.example.com,+880-17-7600-4908,1971-02-26,Female,2026-02-23,16,10,15,138080.18,0.09,Active,
371,Jason,Douglas,jason.douglas371@northstar-hr.example.com,+880-14-0433-5048,1981-11-13,Female,2022-11-11,15,9,14,147074.28,0,Active,
372,Daniel,Bruce,daniel.bruce372@northstar-hr.example.com,+880-19-9210-7522,1969-04-21,Female,2019-11-21,10,5,10,66096.43,0,Active,
373,Kathryn,Andrews,kathryn.andrews373@northstar-hr.example.com,+880-19-3344-1969,1995-12-18,Female,2021-02-03,15,9,14,106093.71,0,Active,
374,Megan,Villegas,megan.villegas374@northstar-hr.example.com,+880-11-5727-9194,1965-06-13,Female,2024-10-16,14,7,12,65165.84,0,Active,
375,Christina,Day,christina.day375@northstar-hr.example.com,+880-19-6105-5661,1997-10-27,Female,2024-11-20,20,2,6,60367.22,0,Active,
376,Sarah,Gallegos,sarah.gallegos376@northstar-hr.example.com,+880-13-9060-4805,1978-08-21,Female,2018-03-22,8,4,9,72990.72,0,Active,
377,Henry,Park,henry.park377@northstar-hr.example.com,+880-12-5832-0679,1982-01-01,Male,2020-04-01,6,3,7,49698.32,0.06,Active,
378,Matthew,Smith,matthew.smith378@northstar-hr.example.com,+880-11-3646-2251,1978-05-14,Female,2020-08-07,8,4,9,57399.04,0,Terminated,2024-12-29
379,Ashley,Morales,ashley.morales379@northstar-hr.example.com,+880-18-6416-8622,1983-06-06,Male,2025-04-27,4,2,6,73935.56,0,Active,
380,Cynthia,Johnson,cynthia.johnson380@northstar-hr.example.com,+880-13-7693-8983,1968-04-03,Female,2019-03-12,14,7,12,77768.85,0,Terminated,2021-02-19
381,Jason,Barnes,jason.barnes381@northstar-hr.example.com,+880-16-5911-6655,1971-04-17,Male,2024-04-11,13,6,11,82238.11,0,Active,
382,Mitchell,Griffith,mitchell.griffith382@northstar-hr.example.com,+880-15-9042-5979,1965-09-01,Male,2020-11-13,16,10,15,136095.34,0.04,On Leave,
383,Ashley,Miller,ashley.miller383@northstar-hr.example.com,+880-10-3352-1103,2000-07-26,Female,2024-07-15,14,7,12,89901.01,0,Active,
384,Eric,Williamson,eric.williamson384@northstar-hr.example.com,+880-12-4051-4770,1970-10-04,Male,2018-06-11,14,8,13,85686.01,0,Active,
385,Joseph,Stanley,joseph.stanley385@northstar-hr.example.com,+880-18-3388-4879,1991-03-25,Female,2023-09-03,10,5,10,64959.66,0,Active,
386,Scott,Nelson,scott.nelson386@northstar-hr.example.com,+880-12-0698-0420,1972-10-25,Male,2022-02-01,6,3,8,47712.46,0.07,Active,
387,Daniel,Jordan,daniel.jordan387@northstar-hr.example.com,+880-19-4070-1645,1997-02-22,Male,2024-05-08,12,6,11,46910.56,0,Active,
388,Erika,Tucker,erika.tucker388@northstar-hr.example.com,+880-10-4636-8157,1993-04-08,Male,2020-05-20,2,1,5,128389.06,0,Active,
389,Brandon,Foster,brandon.foster389@northstar-hr.example.com,+880-18-1238-7800,1972-07-21,Male,2023-08-13,6,3,8,60611.23,0.13,Active,
390,Adrian,Turner,adrian.turner390@northstar-hr.example.com,+880-18-4576-2055,1976-07-08,Female,2023-01-16,14,7,12,89358.98,0,Active,
391,Derrick,Scott,derrick.scott391@northstar-hr.example.com,+880-14-3840-4608,1995-10-22,Male,2019-10-12,12,6,11,37998.06,0,Active,
392,Adrian,Burgess,adrian.burgess392@northstar-hr.example.com,+880-13-2562-1689,1993-10-28,Male,2020-10-05,14,8,13,65568.1,0,Terminated,2024-09-12
393,Omar,Padilla,omar.padilla393@northstar-hr.example.com,+880-16-3926-4957,1979-11-12,Male,2019-06-24,10,5,10,57174.35,0,Terminated,2020-12-05
394,Martha,Drake,martha.drake394@northstar-hr.example.com,+880-12-9832-4826,2000-01-17,Female,2022-03-18,14,8,13,69189.58,0,Active,
395,Michelle,Williams,michelle.williams395@northstar-hr.example.com,+880-12-9251-8812,1970-04-06,Male,2018-08-10,20,2,6,59209.51,0,Active,
396,Samantha,Atkins,samantha.atkins396@northstar-hr.example.com,+880-12-0566-4742,1987-09-23,Female,2018-02-27,6,3,7,58199.15,0.04,Active,
397,Ashley,Mckinney,ashley.mckinney397@northstar-hr.example.com,+880-11-2209-9499,1985-10-15,Male,2022-11-05,14,7,12,81665.09,0,Active,
398,Darius,Smith,darius.smith398@northstar-hr.example.com,+880-19-3305-1728,1993-08-02,Male,2021-07-07,15,9,14,103905.14,0,Active,
399,Laurie,Montgomery,laurie.montgomery399@northstar-hr.example.com,+880-17-5267-7223,1968-10-06,Female,2020-09-25,1,1,4,68226.86,0,Active,
400,Samantha,Davis,samantha.davis400@northstar-hr.example.com,+880-16-0463-3312,2000-02-23,Female,2024-12-31,4,2,6,47728.25,0,Active,
401,John,Chapman,john.chapman401@northstar-hr.example.com,+880-17-9757-3660,1988-03-01,Female,2025-02-08,2,1,4,125662.39,0,Active,
402,Randy,Collins,randy.collins402@northstar-hr.example.com,+880-16-5699-9880,1981-12-30,Female,2022-05-30,16,10,15,125274.55,0.06,Active,
403,Mason,Jackson,mason.jackson403@northstar-hr.example.com,+880-17-7038-8608,1975-01-19,Male,2020-11-09,2,1,5,140822.66,0,Active,
404,Daniel,Hicks,daniel.hicks404@northstar-hr.example.com,+880-10-3476-4472,1978-03-06,Male,2022-04-18,16,10,15,114066.38,0.03,Active,
405,Michael,Luna,michael.luna405@northstar-hr.example.com,+880-19-0827-7181,1971-12-11,Female,2025-08-15,15,9,14,149306.86,0,Active,
406,Lisa,Young,lisa.young406@northstar-hr.example.com,+880-19-8266-5702,1981-08-23,Male,2024-11-21,2,1,5,108999.07,0,Active,
407,James,Morrison,james.morrison407@northstar-hr.example.com,+880-13-7145-2111,1986-01-01,Female,2019-03-27,14,7,12,70698.8,0,Active,
408,Diana,Thompson,diana.thompson408@northstar-hr.example.com,+880-15-1868-9268,1978-08-12,Female,2024-05-25,14,7,12,77873.69,0,Active,
409,Troy,Webster,troy.webster409@northstar-hr.example.com,+880-12-5922-2206,1975-11-10,Male,2024-07-02,4,2,6,60865.28,0,Active,
410,Shane,Glass,shane.glass410@northstar-hr.example.com,+880-17-4212-3094,1964-06-20,Female,2024-05-24,1,1,5,83150.2,0,Active,
411,Cynthia,Weber,cynthia.weber411@northstar-hr.example.com,+880-17-7809-7339,1987-07-22,Female,2022-10-01,15,9,14,112375.6,0,Active,
412,Courtney,Hernandez,courtney.hernandez412@northstar-hr.example.com,+880-17-6719-9038,1975-08-24,Male,2025-04-09,6,3,7,77496.41,0.03,Active,
413,Scott,Turner,scott.turner413@northstar-hr.example.com,+880-18-3022-0502,1990-12-07,Male,2018-07-29,2,1,4,112033.31,0,Active,
414,Brian,Romero,brian.romero414@northstar-hr.example.com,+880-19-9451-0162,1966-03-07,Male,2020-04-24,4,2,6,62933.55,0,Terminated,2022-01-26
415,Shannon,Brown,shannon.brown415@northstar-hr.example.com,+880-19-9827-9501,1989-09-02,Male,2020-08-11,8,4,9,58168.88,0,Active,
416,Chase,Lin,chase.lin416@northstar-hr.example.com,+880-15-5616-8147,1969-03-31,Female,2024-12-30,1,1,5,71708.08,0,Active,
417,Christina,Hunter,christina.hunter417@northstar-hr.example.com,+880-14-5868-3390,1969-03-05,Male,2025-03-13,16,10,15,108579.4,0.04,Active,
418,Angela,Conner,angela.conner418@northstar-hr.example.com,+880-18-1794-6954,1981-06-07,Male,2021-11-22,15,9,14,115025.05,0,Active,
419,Shannon,Pacheco,shannon.pacheco419@northstar-hr.example.com,+880-19-5299-7877,1996-02-20,Male,2025-07-16,15,9,14,127792.53,0,Active,
420,Marc,Alvarez,marc.alvarez420@northstar-hr.example.com,+880-19-3430-1071,1991-05-20,Female,2023-06-27,13,6,11,75889.25,0,Active,
421,Bryan,Garcia,bryan.garcia421@northstar-hr.example.com,+880-13-9660-5583,1959-06-07,Female,2019-04-09,6,3,8,47355.16,0.13,Active,
422,Matthew,Klein,matthew.klein422@northstar-hr.example.com,+880-13-4414-4885,1994-07-31,Male,2025-07-26,8,4,9,70726.24,0,Active,
423,Gerald,Wright,gerald.wright423@northstar-hr.example.com,+880-11-5569-9023,1974-08-21,Male,2022-03-31,14,8,13,88872.52,0,Terminated,2023-09-06
424,Scott,Mills,scott.mills424@northstar-hr.example.com,+880-17-7027-2785,1978-11-21,Male,2021-09-07,14,7,12,62116.79,0,Active,
425,Nathan,Campbell,nathan.campbell425@northstar-hr.example.com,+880-16-0849-5880,1966-12-26,Male,2019-05-03,14,8,13,73747.24,0,Active,
426,Matthew,Harper,matthew.harper426@northstar-hr.example.com,+880-15-5124-0568,1993-05-19,Male,2021-06-10,2,1,5,133683.6,0,Active,
427,Deborah,Jones,deborah.jones427@northstar-hr.example.com,+880-19-9629-1450,1974-06-28,Female,2024-08-22,4,2,6,59381.83,0,Active,
428,Erika,Mitchell,erika.mitchell428@northstar-hr.example.com,+880-11-7357-4384,1964-10-15,Male,2018-10-18,10,5,10,87800.59,0,Active,
429,Diane,Escobar,diane.escobar429@northstar-hr.example.com,+880-15-0317-8078,1969-11-13,Male,2024-02-03,14,8,13,68882.12,0,Active,
430,Mathew,Aguilar,mathew.aguilar430@northstar-hr.example.com,+880-15-7845-2182,1972-11-13,Female,2025-05-07,15,9,14,119033.09,0,Active,
431,Michael,Ponce,michael.ponce431@northstar-hr.example.com,+880-10-7681-0409,1992-04-18,Female,2019-03-11,10,5,10,72948.58,0,Terminated,2021-08-16
432,Philip,Larson,philip.larson432@northstar-hr.example.com,+880-10-1840-9435,1970-10-18,Female,2023-11-17,14,8,13,81657.01,0,Active,
433,Kyle,Bennett,kyle.bennett433@northstar-hr.example.com,+880-14-4857-1422,1975-08-23,Male,2025-11-22,8,4,9,57417.91,0,Active,
434,Lisa,Santiago,lisa.santiago434@northstar-hr.example.com,+880-10-9881-3858,1976-04-23,Female,2024-08-29,6,3,8,62132.46,0.01,Active,
435,Joanne,Jennings,joanne.jennings435@northstar-hr.example.com,+880-12-4932-1495,1985-01-25,Female,2024-12-22,10,5,10,66545.29,0,Active,
436,Debbie,Henderson,debbie.henderson436@northstar-hr.example.com,+880-10-2070-1601,1978-05-22,Female,2022-06-06,16,10,15,119778.91,0.06,Active,
437,Michael,White,michael.white437@northstar-hr.example.com,+880-12-9979-5453,1988-02-14,Female,2021-01-16,10,5,10,71129.01,0,Terminated,2024-09-13
438,Stacey,Tucker,stacey.tucker438@northstar-hr.example.com,+880-18-1792-1717,1971-01-17,Male,2019-10-21,6,3,8,47361.91,0.0,Active,
439,Devin,Jones,devin.jones439@northstar-hr.example.com,+880-17-7332-9456,1966-02-18,Male,2019-11-28,15,9,14,147259.41,0,Active,
440,Craig,Wise,craig.wise440@northstar-hr.example.com,+880-15-5770-1715,1983-03-28,Male,2025-02-07,2,1,4,142127.24,0,Active,
441,Nicole,Johnson,nicole.johnson441@northstar-hr.example.com,+880-12-4599-2816,1996-02-02,Female,2025-01-10,4,2,6,51561.59,0,Active,
442,Katie,Anderson,katie.anderson442@northstar-hr.example.com,+880-11-5814-8769,1976-01-19,Male,2020-10-31,12,6,11,47163.54,0,Active,
443,Francis,Guerra,francis.guerra443@northstar-hr.example.com,+880-19-3827-6153,1992-01-24,Female,2021-03-03,2,1,4,100836.31,0,Active,
444,Lisa,Martin,lisa.martin444@northstar-hr.example.com,+880-19-6695-8321,1992-06-15,Female,2024-06-27,15,9,14,125110.8,0,Active,
445,Robert,Rhodes,robert.rhodes445@northstar-hr.example.com,+880-19-7199-7581,1992-10-17,Male,2021-09-06,6,3,7,60975.42,0.04,Active,
446,Sean,Mitchell,sean.mitchell446@northstar-hr.example.com,+880-12-4619-1965,1978-04-10,Female,2019-12-31,8,4,9,53019.74,0,Active,
447,Shane,Ferguson,shane.ferguson447@northstar-hr.example.com,+880-10-1329-0227,1984-05-06,Male,2024-04-19,20,2,6,54851.94,0,Active,
448,Lindsey,Harrison,lindsey.harrison448@northstar-hr.example.com,+880-16-9973-3549,1990-08-30,Male,2020-08-08,8,4,9,64612.07,0,Active,
449,Micheal,Valentine,micheal.valentine449@northstar-hr.example.com,+880-14-6519-0986,1997-03-25,Female,2025-01-10,20,2,6,52560.75,0,Active,
450,Steven,Campbell,steven.campbell450@northstar-hr.example.com,+880-14-0580-0851,1998-12-21,Female,2026-04-14,1,1,4,64134.31,0,Active,
451,Allison,Burch,allison.burch451@northstar-hr.example.com,+880-10-3696-5666,1977-08-18,Female,2021-03-19,12,6,11,37284.63,0,Active,
452,Laurie,Taylor,laurie.taylor452@northstar-hr.example.com,+880-13-2723-8656,1969-12-30,Female,2024-11-15,10,5,10,78955.01,0,Active,
453,Danielle,Sawyer,danielle.sawyer453@northstar-hr.example.com,+880-12-2010-2762,1963-03-24,Female,2020-02-08,15,9,14,146438.32,0,Active,
454,Curtis,Singleton,curtis.singleton454@northstar-hr.example.com,+880-16-7969-2786,1983-05-07,Female,2022-09-01,1,1,4,97612.72,0,Active,
455,Justin,Hines,justin.hines455@northstar-hr.example.com,+880-17-6532-6909,1984-01-04,Female,2025-02-28,20,2,6,57790.83,0,Active,
456,Rebecca,Hernandez,rebecca.hernandez456@northstar-hr.example.com,+880-13-8468-9500,1981-10-03,Male,2020-04-18,15,9,14,137780.46,0,Terminated,2024-08-31
457,Stacey,Walker,stacey.walker457@northstar-hr.example.com,+880-11-9712-8478,1964-01-11,Male,2021-09-06,20,2,6,44735.2,0,Active,
458,Michael,Johnson,michael.johnson458@northstar-hr.example.com,+880-19-1371-8949,1963-01-18,Female,2021-10-18,20,2,6,69129.77,0,Active,
459,Wayne,Young,wayne.young459@northstar-hr.example.com,+880-15-8077-8795,1974-03-10,Female,2018-06-13,2,1,5,124530.17,0,Active,
460,Nicholas,Johnson,nicholas.johnson460@northstar-hr.example.com,+880-14-4209-4940,1990-02-23,Female,2026-05-15,15,9,14,109286.89,0,On Leave,
461,Mary,Santos,mary.santos461@northstar-hr.example.com,+880-19-2904-9047,1968-03-15,Male,2025-10-31,20,2,6,61967.04,0,Active,
462,Devin,Mitchell,devin.mitchell462@northstar-hr.example.com,+880-18-1442-9444,1964-07-19,Male,2024-08-28,10,5,10,79908.7,0,Active,
463,Heather,Taylor,heather.taylor463@northstar-hr.example.com,+880-11-9292-7524,1994-07-02,Male,2024-12-24,14,7,12,58729.28,0,Active,
464,Shane,Smith,shane.smith464@northstar-hr.example.com,+880-13-7280-5129,1999-05-14,Male,2023-12-09,10,5,10,81647.13,0,Active,
465,Jonathan,Conley,jonathan.conley465@northstar-hr.example.com,+880-12-7663-7239,1986-05-25,Female,2018-09-01,6,3,7,57239.18,0.1,Active,
466,Jessica,Rose,jessica.rose466@northstar-hr.example.com,+880-15-0410-2767,1973-08-21,Male,2022-08-14,4,2,6,55617.43,0,Active,
467,Keith,Turner,keith.turner467@northstar-hr.example.com,+880-18-3667-4286,1958-06-18,Female,2018-12-08,16,10,15,95555.33,0.02,Active,
468,Robert,Bauer,robert.bauer468@northstar-hr.example.com,+880-17-6580-1856,1981-06-11,Male,2018-05-27,14,7,12,75018.62,0,Active,
469,Daniel,Stein,daniel.stein469@northstar-hr.example.com,+880-14-5441-4967,1991-01-12,Female,2021-11-05,14,7,12,64412.16,0,Terminated,2025-04-30
470,Allen,Robertson,allen.robertson470@northstar-hr.example.com,+880-19-3852-5800,1994-08-15,Female,2023-01-08,14,8,13,60852.26,0,Terminated,2023-01-23
471,Douglas,Patterson,douglas.patterson471@northstar-hr.example.com,+880-11-8175-3443,1961-04-17,Female,2020-01-14,14,7,12,82393.33,0,Active,
472,John,Butler,john.butler472@northstar-hr.example.com,+880-19-1093-9111,1995-09-11,Male,2023-03-05,10,5,10,75783.22,0,Active,
473,Christopher,Villegas,christopher.villegas473@northstar-hr.example.com,+880-12-6921-2447,1988-06-27,Female,2023-08-04,14,8,13,65663.03,0,Active,
474,Alicia,Romero,alicia.romero474@northstar-hr.example.com,+880-11-7465-4214,1987-12-22,Female,2018-07-27,13,6,11,68206.69,0,Active,
475,Angela,Myers,angela.myers475@northstar-hr.example.com,+880-16-6504-4271,1984-11-03,Male,2026-04-26,16,10,15,109429.93,0.14,Active,
476,Cynthia,Zavala,cynthia.zavala476@northstar-hr.example.com,+880-13-9627-1286,1969-07-04,Female,2021-12-15,14,8,13,88760.11,0,On Leave,
477,Allen,Kramer,allen.kramer477@northstar-hr.example.com,+880-11-7410-1194,1989-08-22,Female,2020-02-19,10,5,10,66406.02,0,Active,
478,Jessica,Fuller,jessica.fuller478@northstar-hr.example.com,+880-10-7200-6425,1995-03-10,Male,2020-11-25,14,7,12,87622.35,0,Active,
479,Jill,Cook,jill.cook479@northstar-hr.example.com,+880-19-0877-6618,1972-09-09,Female,2024-06-28,16,10,15,137885.21,0.08,Active,
480,Amy,Li,amy.li480@northstar-hr.example.com,+880-16-7198-5546,1960-02-13,Male,2018-05-17,8,4,9,69938.45,0,Active,
481,Kimberly,Marshall,kimberly.marshall481@northstar-hr.example.com,+880-11-5851-7432,1980-05-02,Male,2019-06-23,14,7,12,77166.76,0,Active,
482,Crystal,Cain,crystal.cain482@northstar-hr.example.com,+880-16-3461-5717,1991-07-27,Male,2023-11-07,10,5,10,82617.69,0,Active,
483,Kimberly,Ellis,kimberly.ellis483@northstar-hr.example.com,+880-12-0309-3761,1988-07-18,Female,2018-07-13,14,8,13,73702.86,0,Active,
484,Bradley,Gonzalez,bradley.gonzalez484@northstar-hr.example.com,+880-14-7870-0505,1990-04-21,Male,2020-06-20,15,9,14,135081.71,0,Active,
485,Sarah,Robertson,sarah.robertson485@northstar-hr.example.com,+880-10-6138-7829,1966-12-08,Male,2018-05-09,4,2,6,49990.15,0,Active,
486,Amy,King,amy.king486@northstar-hr.example.com,+880-11-0270-7903,1992-11-16,Female,2026-04-28,16,10,15,138457.25,0.01,Active,
487,James,Kelly,james.kelly487@northstar-hr.example.com,+880-12-0204-1792,1996-01-09,Male,2024-05-03,4,2,6,52762.15,0,Active,
488,Michelle,Rivera,michelle.rivera488@northstar-hr.example.com,+880-11-1179-9313,1980-06-09,Male,2024-07-27,14,8,13,71207.21,0,Active,
489,Micheal,Preston,micheal.preston489@northstar-hr.example.com,+880-16-5198-2530,1981-07-26,Female,2019-01-18,12,6,11,34404.64,0,Active,
490,Patricia,Hughes,patricia.hughes490@northstar-hr.example.com,+880-15-1142-6258,1970-04-24,Female,2024-04-03,4,2,6,55449.86,0,Active,
491,Tyler,Jimenez,tyler.jimenez491@northstar-hr.example.com,+880-13-9021-9620,1999-08-06,Male,2026-03-12,14,8,13,67190.51,0,Active,
492,April,Owen,april.owen492@northstar-hr.example.com,+880-11-0021-9467,1991-11-06,Male,2025-10-11,14,8,13,57351.1,0,Active,
493,Christian,Morrison,christian.morrison493@northstar-hr.example.com,+880-13-2487-6329,1990-05-14,Male,2024-02-13,4,2,6,64439.1,0,Active,
494,Amy,Morris,amy.morris494@northstar-hr.example.com,+880-19-2791-4560,1985-09-14,Female,2024-12-02,8,4,9,54929.69,0,Active,
495,Donna,Parker,donna.parker495@northstar-hr.example.com,+880-13-1819-5883,1975-12-15,Male,2018-09-04,14,8,13,77041.61,0,Active,
496,Ronald,Norris,ronald.norris496@northstar-hr.example.com,+880-13-4031-2772,1969-01-30,Male,2023-01-26,14,7,12,80808.59,0,Active,
497,Bobby,Berg,bobby.berg497@northstar-hr.example.com,+880-10-0543-6459,1991-05-14,Male,2020-12-16,14,8,13,55155.75,0,Terminated,2025-02-27
498,Whitney,Hill,whitney.hill498@northstar-hr.example.com,+880-10-1082-2078,1964-07-09,Male,2020-12-19,8,4,9,62320.44,0,Active,
499,Stacy,Jones,stacy.jones499@northstar-hr.example.com,+880-13-7995-6353,1995-10-15,Female,2026-03-31,13,6,11,68726.51,0,Active,
500,Michael,Owen,michael.owen500@northstar-hr.example.com,+880-15-3136-3631,1981-01-25,Male,2023-05-14,14,8,13,76395.79,0,Active,
