leave_id,employee_id,leave_type,start_date,end_date,days_requested,status
1,1,Unpaid Leave,2024-12-27,2024-12-28,1,Approved
2,2,Casual Leave,2024-01-10,2024-01-14,4,Approved
3,2,Sick Leave,2024-04-14,2024-04-22,8,Approved
4,2,Sick Leave,2026-04-16,2026-04-24,8,Approved
5,2,Sick Leave,2024-10-25,2024-10-27,2,Pending
6,3,Unpaid Leave,2025-11-13,2025-11-20,7,Approved
7,4,Casual Leave,2025-03-18,2025-03-21,3,Approved
8,4,Unpaid Leave,2024-03-03,2024-03-13,10,Approved
9,5,Sick Leave,2025-05-15,2025-05-21,6,Approved
10,5,Casual Leave,2024-08-08,2024-08-13,5,Rejected
11,6,Maternity/Paternity Leave,2026-05-16,2026-05-24,8,Rejected
12,6,Maternity/Paternity Leave,2024-05-07,2024-05-17,10,Approved
13,6,Annual Leave,2026-01-18,2026-01-23,5,Approved
14,6,Maternity/Paternity Leave,2026-02-06,2026-02-11,5,Approved
15,7,Annual Leave,2024-06-04,2024-06-08,4,Approved
16,7,Casual Leave,2024-01-17,2024-01-20,3,Approved
17,7,Maternity/Paternity Leave,2024-04-01,2024-04-03,2,Approved
18,8,Maternity/Paternity Leave,2024-09-25,2024-10-03,8,Rejected
19,8,Sick Leave,2025-05-02,2025-05-12,10,Approved
20,9,Sick Leave,2024-12-22,2024-12-27,5,Approved
21,10,Casual Leave,2024-03-11,2024-03-12,1,Approved
22,10,Maternity/Paternity Leave,2025-11-27,2025-12-02,5,Approved
23,10,Maternity/Paternity Leave,2025-09-09,2025-09-16,7,Rejected
24,10,Annual Leave,2024-05-19,2024-05-26,7,Approved
25,11,Casual Leave,2024-11-22,2024-11-30,8,Approved
26,11,Maternity/Paternity Leave,2024-07-16,2024-07-17,1,Approved
27,11,Sick Leave,2024-02-01,2024-02-05,4,Approved
28,12,Unpaid Leave,2025-09-07,2025-09-09,2,Pending
29,12,Unpaid Leave,2024-07-16,2024-07-26,10,Approved
30,13,Annual Leave,2025-09-27,2025-09-28,1,Rejected
31,14,Unpaid Leave,2026-02-01,2026-02-07,6,Rejected
32,14,Unpaid Leave,2026-01-10,2026-01-12,2,Approved
33,14,Sick Leave,2025-08-07,2025-08-11,4,Approved
34,15,Sick Leave,2025-10-15,2025-10-24,9,Approved
35,15,Casual Leave,2026-03-29,2026-04-03,5,Rejected
36,16,Sick Leave,2024-12-22,2024-12-29,7,Approved
37,16,Annual Leave,2024-10-08,2024-10-09,1,Approved
38,16,Maternity/Paternity Leave,2024-02-17,2024-02-26,9,Approved
39,17,Casual Leave,2024-01-05,2024-01-06,1,Approved
40,17,Sick Leave,2025-12-05,2025-12-06,1,Approved
41,17,Annual Leave,2025-11-30,2025-12-01,1,Approved
42,17,Sick Leave,2026-04-27,2026-05-04,7,Approved
43,18,Unpaid Leave,2024-12-07,2024-12-09,2,Approved
44,18,Unpaid Leave,2024-08-05,2024-08-12,7,Approved
45,18,Annual Leave,2024-03-24,2024-04-03,10,Pending
46,19,Casual Leave,2025-01-19,2025-01-23,4,Rejected
47,19,Annual Leave,2026-06-21,2026-06-27,6,Approved
48,19,Sick Leave,2024-11-03,2024-11-08,5,Approved
49,19,Unpaid Leave,2024-06-24,2024-06-26,2,Approved
50,20,Annual Leave,2025-09-18,2025-09-25,7,Approved
51,20,Unpaid Leave,2024-08-27,2024-08-31,4,Pending
52,20,Unpaid Leave,2026-03-21,2026-03-26,5,Approved
53,20,Annual Leave,2026-01-06,2026-01-15,9,Approved
54,21,Unpaid Leave,2026-06-20,2026-06-27,7,Pending
55,21,Unpaid Leave,2026-05-09,2026-05-11,2,Approved
56,21,Sick Leave,2026-05-09,2026-05-10,1,Approved
57,21,Unpaid Leave,2026-05-25,2026-06-02,8,Approved
58,22,Annual Leave,2024-04-08,2024-04-13,5,Approved
59,23,Maternity/Paternity Leave,2024-10-25,2024-11-03,9,Approved
60,24,Unpaid Leave,2025-05-27,2025-05-29,2,Approved
61,24,Unpaid Leave,2024-06-21,2024-06-29,8,Approved
62,25,Casual Leave,2025-08-09,2025-08-10,1,Rejected
63,25,Casual Leave,2025-12-25,2026-01-01,7,Approved
64,26,Unpaid Leave,2026-05-06,2026-05-07,1,Approved
65,26,Annual Leave,2024-04-20,2024-04-30,10,Approved
66,27,Maternity/Paternity Leave,2024-07-13,2024-07-17,4,Rejected
67,27,Sick Leave,2024-11-21,2024-11-30,9,Approved
68,27,Maternity/Paternity Leave,2024-06-07,2024-06-13,6,Approved
69,28,Annual Leave,2025-01-01,2025-01-03,2,Approved
70,29,Sick Leave,2024-10-15,2024-10-18,3,Rejected
71,29,Sick Leave,2024-12-20,2024-12-29,9,Approved
72,29,Annual Leave,2025-02-22,2025-02-26,4,Approved
73,29,Maternity/Paternity Leave,2024-03-01,2024-03-02,1,Pending
74,30,Unpaid Leave,2026-01-13,2026-01-22,9,Approved
75,30,Casual Leave,2025-08-15,2025-08-22,7,Approved
76,31,Casual Leave,2024-12-02,2024-12-09,7,Pending
77,32,Unpaid Leave,2024-03-02,2024-03-12,10,Pending
78,32,Unpaid Leave,2024-07-18,2024-07-21,3,Approved
79,32,Casual Leave,2024-10-01,2024-10-05,4,Rejected
80,33,Casual Leave,2026-06-14,2026-06-22,8,Approved
81,33,Maternity/Paternity Leave,2026-06-30,2026-07-03,3,Approved
82,33,Sick Leave,2026-05-24,2026-05-25,1,Approved
83,34,Annual Leave,2025-11-30,2025-12-08,8,Approved
84,34,Sick Leave,2026-06-26,2026-07-01,5,Approved
85,35,Annual Leave,2026-02-14,2026-02-23,9,Approved
86,36,Sick Leave,2024-06-05,2024-06-15,10,Approved
87,37,Sick Leave,2026-05-24,2026-05-30,6,Approved
88,38,Casual Leave,2025-07-01,2025-07-02,1,Pending
89,38,Maternity/Paternity Leave,2026-06-14,2026-06-19,5,Rejected
90,38,Casual Leave,2025-09-27,2025-10-07,10,Approved
91,39,Sick Leave,2026-03-26,2026-03-31,5,Approved
92,39,Annual Leave,2026-06-22,2026-06-24,2,Approved
93,39,Casual Leave,2026-03-31,2026-04-04,4,Approved
94,39,Unpaid Leave,2025-12-13,2025-12-23,10,Approved
95,40,Unpaid Leave,2025-08-02,2025-08-08,6,Approved
96,40,Unpaid Leave,2026-03-17,2026-03-27,10,Approved
97,40,Annual Leave,2024-10-16,2024-10-24,8,Approved
98,40,Annual Leave,2026-02-15,2026-02-19,4,Pending
99,41,Annual Leave,2025-06-02,2025-06-05,3,Approved
100,41,Annual Leave,2025-02-10,2025-02-16,6,Approved
101,42,Maternity/Paternity Leave,2025-07-08,2025-07-17,9,Rejected
102,42,Unpaid Leave,2025-06-17,2025-06-25,8,Approved
103,43,Maternity/Paternity Leave,2024-12-14,2024-12-18,4,Approved
104,44,Unpaid Leave,2025-12-16,2025-12-24,8,Approved
105,44,Unpaid Leave,2025-05-06,2025-05-12,6,Approved
106,44,Casual Leave,2025-11-16,2025-11-20,4,Pending
107,44,Unpaid Leave,2026-06-24,2026-06-27,3,Rejected
108,45,Casual Leave,2025-08-24,2025-09-01,8,Approved
109,45,Maternity/Paternity Leave,2026-01-26,2026-01-28,2,Approved
110,45,Casual Leave,2026-05-20,2026-05-26,6,Approved
111,45,Casual Leave,2025-09-24,2025-10-02,8,Rejected
112,46,Sick Leave,2025-11-03,2025-11-07,4,Approved
113,46,Annual Leave,2025-11-21,2025-11-28,7,Approved
114,46,Unpaid Leave,2025-07-19,2025-07-23,4,Approved
115,46,Casual Leave,2024-02-24,2024-02-28,4,Approved
116,47,Casual Leave,2025-03-18,2025-03-20,2,Pending
117,47,Unpaid Leave,2025-01-19,2025-01-28,9,Pending
118,47,Casual Leave,2024-10-02,2024-10-07,5,Approved
119,48,Casual Leave,2024-07-05,2024-07-12,7,Approved
120,48,Unpaid Leave,2024-02-04,2024-02-09,5,Approved
121,48,Maternity/Paternity Leave,2026-04-22,2026-04-23,1,Pending
122,48,Maternity/Paternity Leave,2025-06-29,2025-07-09,10,Approved
123,49,Unpaid Leave,2026-05-12,2026-05-20,8,Approved
124,49,Annual Leave,2025-11-05,2025-11-07,2,Approved
125,50,Sick Leave,2024-11-30,2024-12-03,3,Pending
126,50,Annual Leave,2024-10-18,2024-10-20,2,Approved
127,51,Annual Leave,2026-06-14,2026-06-22,8,Approved
128,52,Casual Leave,2025-11-24,2025-11-26,2,Pending
129,52,Annual Leave,2025-04-20,2025-04-24,4,Approved
130,52,Casual Leave,2026-06-10,2026-06-16,6,Rejected
131,53,Casual Leave,2025-08-14,2025-08-24,10,Approved
132,53,Maternity/Paternity Leave,2024-09-20,2024-09-29,9,Approved
133,54,Unpaid Leave,2024-01-22,2024-01-23,1,Approved
134,54,Annual Leave,2026-02-11,2026-02-14,3,Approved
135,54,Casual Leave,2024-10-29,2024-11-01,3,Approved
136,54,Unpaid Leave,2024-08-08,2024-08-18,10,Approved
137,55,Annual Leave,2025-05-06,2025-05-09,3,Approved
138,55,Casual Leave,2026-04-06,2026-04-11,5,Approved
139,55,Unpaid Leave,2025-08-29,2025-08-31,2,Approved
140,55,Maternity/Paternity Leave,2024-08-14,2024-08-16,2,Approved
141,56,Sick Leave,2025-09-18,2025-09-20,2,Pending
142,57,Annual Leave,2025-10-18,2025-10-21,3,Approved
143,58,Casual Leave,2025-07-08,2025-07-09,1,Approved
144,58,Sick Leave,2024-12-13,2024-12-21,8,Approved
145,59,Sick Leave,2025-05-05,2025-05-09,4,Approved
146,59,Casual Leave,2025-07-19,2025-07-24,5,Approved
147,59,Unpaid Leave,2024-10-20,2024-10-23,3,Approved
148,60,Sick Leave,2026-03-04,2026-03-11,7,Approved
149,60,Sick Leave,2024-03-04,2024-03-09,5,Pending
150,60,Maternity/Paternity Leave,2024-06-24,2024-06-29,5,Approved
151,61,Unpaid Leave,2025-08-19,2025-08-21,2,Approved
152,61,Unpaid Leave,2024-06-20,2024-06-26,6,Approved
153,61,Sick Leave,2024-08-13,2024-08-21,8,Rejected
154,62,Unpaid Leave,2024-03-24,2024-04-03,10,Approved
155,63,Casual Leave,2025-12-27,2026-01-03,7,Approved
156,63,Unpaid Leave,2026-04-15,2026-04-19,4,Approved
157,64,Sick Leave,2026-04-29,2026-05-01,2,Approved
158,64,Casual Leave,2024-08-03,2024-08-08,5,Approved
159,64,Unpaid Leave,2024-03-12,2024-03-13,1,Pending
160,65,Unpaid Leave,2025-10-23,2025-10-31,8,Approved
161,65,Maternity/Paternity Leave,2024-10-11,2024-10-17,6,Approved
162,66,Casual Leave,2026-02-23,2026-03-01,6,Approved
163,67,Casual Leave,2026-06-06,2026-06-09,3,Approved
164,68,Casual Leave,2025-12-01,2025-12-03,2,Approved
165,68,Unpaid Leave,2025-12-19,2025-12-24,5,Approved
166,68,Maternity/Paternity Leave,2025-12-29,2026-01-01,3,Rejected
167,69,Maternity/Paternity Leave,2025-02-12,2025-02-22,10,Approved
168,69,Sick Leave,2025-08-02,2025-08-09,7,Approved
169,69,Unpaid Leave,2024-09-04,2024-09-09,5,Approved
170,69,Maternity/Paternity Leave,2025-12-13,2025-12-19,6,Approved
171,70,Sick Leave,2024-03-13,2024-03-14,1,Pending
172,70,Maternity/Paternity Leave,2026-06-05,2026-06-14,9,Approved
173,70,Maternity/Paternity Leave,2024-12-29,2025-01-03,5,Pending
174,71,Casual Leave,2024-06-02,2024-06-05,3,Approved
175,72,Sick Leave,2025-02-06,2025-02-16,10,Rejected
176,72,Annual Leave,2025-04-05,2025-04-11,6,Rejected
177,73,Sick Leave,2025-11-01,2025-11-06,5,Rejected
178,74,Maternity/Paternity Leave,2025-11-24,2025-12-02,8,Approved
179,74,Sick Leave,2026-01-17,2026-01-18,1,Approved
180,74,Annual Leave,2025-12-24,2025-12-27,3,Approved
181,75,Maternity/Paternity Leave,2024-01-19,2024-01-23,4,Pending
182,75,Sick Leave,2024-12-13,2024-12-15,2,Approved
183,76,Casual Leave,2026-02-17,2026-02-18,1,Approved
184,76,Maternity/Paternity Leave,2025-11-23,2025-11-25,2,Approved
185,76,Maternity/Paternity Leave,2026-04-20,2026-04-24,4,Pending
186,77,Annual Leave,2025-06-26,2025-06-30,4,Rejected
187,77,Sick Leave,2024-05-19,2024-05-26,7,Approved
188,77,Casual Leave,2025-10-24,2025-10-31,7,Rejected
189,77,Unpaid Leave,2024-08-22,2024-08-29,7,Approved
190,78,Unpaid Leave,2025-02-26,2025-03-04,6,Approved
191,79,Sick Leave,2025-02-17,2025-02-21,4,Pending
192,80,Unpaid Leave,2024-12-08,2024-12-14,6,Approved
193,80,Maternity/Paternity Leave,2025-07-06,2025-07-07,1,Approved
194,81,Sick Leave,2024-03-06,2024-03-10,4,Approved
195,82,Annual Leave,2025-12-13,2025-12-17,4,Approved
196,83,Maternity/Paternity Leave,2025-03-03,2025-03-10,7,Approved
197,83,Maternity/Paternity Leave,2024-05-21,2024-05-24,3,Approved
198,83,Maternity/Paternity Leave,2024-06-21,2024-06-29,8,Approved
199,84,Unpaid Leave,2024-01-12,2024-01-15,3,Approved
200,84,Annual Leave,2025-04-01,2025-04-03,2,Approved
201,85,Maternity/Paternity Leave,2025-10-23,2025-10-25,2,Approved
202,85,Sick Leave,2025-03-24,2025-03-25,1,Approved
203,85,Maternity/Paternity Leave,2026-04-24,2026-05-04,10,Approved
204,86,Maternity/Paternity Leave,2026-06-28,2026-07-06,8,Approved
205,87,Casual Leave,2026-06-04,2026-06-05,1,Approved
206,87,Maternity/Paternity Leave,2024-12-06,2024-12-08,2,Approved
207,87,Maternity/Paternity Leave,2025-03-22,2025-03-31,9,Approved
208,87,Casual Leave,2025-08-07,2025-08-13,6,Rejected
209,88,Unpaid Leave,2026-01-16,2026-01-19,3,Pending
210,89,Casual Leave,2025-08-15,2025-08-17,2,Approved
211,89,Unpaid Leave,2025-01-27,2025-02-06,10,Approved
212,89,Maternity/Paternity Leave,2026-05-19,2026-05-29,10,Approved
213,89,Casual Leave,2025-08-02,2025-08-09,7,Approved
214,90,Maternity/Paternity Leave,2026-05-31,2026-06-02,2,Pending
215,91,Casual Leave,2025-03-10,2025-03-11,1,Pending
216,91,Casual Leave,2025-07-31,2025-08-05,5,Approved
217,91,Sick Leave,2025-04-15,2025-04-16,1,Approved
218,92,Maternity/Paternity Leave,2026-06-12,2026-06-18,6,Approved
219,92,Annual Leave,2026-05-01,2026-05-07,6,Approved
220,92,Annual Leave,2026-03-16,2026-03-26,10,Approved
221,93,Unpaid Leave,2025-03-21,2025-03-25,4,Approved
222,93,Sick Leave,2025-09-19,2025-09-21,2,Approved
223,93,Casual Leave,2025-09-27,2025-10-05,8,Approved
224,93,Unpaid Leave,2025-08-16,2025-08-22,6,Pending
225,94,Annual Leave,2026-04-24,2026-05-03,9,Approved
226,94,Annual Leave,2025-11-01,2025-11-03,2,Approved
227,95,Annual Leave,2024-08-09,2024-08-19,10,Pending
228,95,Annual Leave,2024-02-01,2024-02-08,7,Approved
229,96,Annual Leave,2026-05-02,2026-05-07,5,Approved
230,96,Casual Leave,2026-03-04,2026-03-07,3,Pending
231,96,Maternity/Paternity Leave,2026-03-19,2026-03-21,2,Rejected
232,97,Casual Leave,2025-09-28,2025-10-02,4,Approved
233,98,Maternity/Paternity Leave,2025-10-13,2025-10-14,1,Approved
234,98,Maternity/Paternity Leave,2025-01-04,2025-01-08,4,Rejected
235,99,Annual Leave,2025-04-07,2025-04-10,3,Approved
236,99,Sick Leave,2025-10-10,2025-10-20,10,Approved
237,99,Maternity/Paternity Leave,2024-10-23,2024-10-28,5,Approved
238,100,Sick Leave,2025-07-03,2025-07-04,1,Rejected
239,100,Unpaid Leave,2026-05-18,2026-05-23,5,Approved
240,101,Annual Leave,2026-05-10,2026-05-12,2,Approved
241,101,Unpaid Leave,2025-08-13,2025-08-19,6,Approved
242,101,Unpaid Leave,2026-04-17,2026-04-22,5,Approved
243,102,Unpaid Leave,2025-08-10,2025-08-20,10,Approved
244,102,Maternity/Paternity Leave,2026-04-16,2026-04-22,6,Approved
245,102,Casual Leave,2024-12-28,2025-01-06,9,Approved
246,102,Maternity/Paternity Leave,2025-06-18,2025-06-24,6,Approved
247,103,Maternity/Paternity Leave,2026-04-01,2026-04-09,8,Pending
248,103,Sick Leave,2025-04-17,2025-04-21,4,Approved
249,104,Unpaid Leave,2025-06-23,2025-06-28,5,Approved
250,104,Unpaid Leave,2025-10-09,2025-10-11,2,Approved
251,104,Unpaid Leave,2026-04-13,2026-04-19,6,Approved
252,104,Casual Leave,2025-07-23,2025-07-29,6,Approved
253,105,Unpaid Leave,2024-10-02,2024-10-10,8,Approved
254,105,Casual Leave,2026-06-01,2026-06-11,10,Approved
255,105,Annual Leave,2025-08-23,2025-09-02,10,Approved
256,105,Maternity/Paternity Leave,2024-12-15,2024-12-20,5,Approved
257,106,Sick Leave,2025-10-06,2025-10-13,7,Pending
258,106,Annual Leave,2025-11-15,2025-11-22,7,Approved
259,107,Annual Leave,2026-03-10,2026-03-17,7,Approved
260,108,Maternity/Paternity Leave,2026-06-02,2026-06-05,3,Pending
261,108,Sick Leave,2026-03-28,2026-04-06,9,Approved
262,108,Casual Leave,2026-05-24,2026-05-31,7,Pending
263,109,Casual Leave,2025-12-09,2025-12-15,6,Approved
264,109,Maternity/Paternity Leave,2024-11-10,2024-11-19,9,Approved
265,109,Maternity/Paternity Leave,2024-05-10,2024-05-14,4,Pending
266,110,Maternity/Paternity Leave,2026-04-30,2026-05-05,5,Rejected
267,110,Sick Leave,2026-06-13,2026-06-16,3,Pending
268,110,Unpaid Leave,2026-02-04,2026-02-11,7,Approved
269,110,Sick Leave,2026-01-13,2026-01-19,6,Rejected
270,111,Maternity/Paternity Leave,2026-06-23,2026-06-30,7,Approved
271,112,Annual Leave,2026-01-14,2026-01-21,7,Approved
272,112,Unpaid Leave,2024-01-02,2024-01-12,10,Approved
273,112,Annual Leave,2024-03-04,2024-03-14,10,Approved
274,112,Maternity/Paternity Leave,2025-09-27,2025-10-07,10,Approved
275,113,Sick Leave,2025-04-23,2025-04-29,6,Approved
276,114,Annual Leave,2025-08-19,2025-08-21,2,Pending
277,114,Maternity/Paternity Leave,2025-10-30,2025-11-09,10,Pending
278,114,Sick Leave,2024-06-04,2024-06-13,9,Approved
279,114,Sick Leave,2024-12-07,2024-12-10,3,Approved
280,115,Sick Leave,2025-10-04,2025-10-12,8,Pending
281,115,Annual Leave,2024-06-29,2024-07-05,6,Approved
282,116,Maternity/Paternity Leave,2025-06-30,2025-07-04,4,Approved
283,117,Sick Leave,2026-05-15,2026-05-25,10,Approved
284,117,Unpaid Leave,2025-02-15,2025-02-18,3,Pending
285,118,Sick Leave,2026-01-12,2026-01-22,10,Rejected
286,119,Annual Leave,2026-03-24,2026-04-01,8,Approved
287,119,Maternity/Paternity Leave,2026-03-09,2026-03-10,1,Approved
288,120,Maternity/Paternity Leave,2024-06-15,2024-06-22,7,Approved
289,120,Unpaid Leave,2025-11-23,2025-11-28,5,Pending
290,120,Unpaid Leave,2024-08-24,2024-08-26,2,Approved
291,120,Maternity/Paternity Leave,2026-04-02,2026-04-11,9,Approved
292,121,Maternity/Paternity Leave,2025-02-04,2025-02-05,1,Approved
293,121,Unpaid Leave,2025-08-12,2025-08-13,1,Approved
294,121,Annual Leave,2025-08-10,2025-08-18,8,Approved
295,121,Casual Leave,2026-03-09,2026-03-11,2,Approved
296,122,Casual Leave,2024-05-31,2024-06-03,3,Approved
297,123,Sick Leave,2024-09-24,2024-09-28,4,Rejected
298,123,Annual Leave,2024-12-10,2024-12-15,5,Approved
299,124,Casual Leave,2025-12-25,2026-01-02,8,Rejected
300,124,Maternity/Paternity Leave,2026-01-11,2026-01-17,6,Approved
301,124,Casual Leave,2026-03-15,2026-03-21,6,Rejected
302,124,Annual Leave,2026-02-15,2026-02-25,10,Approved
303,125,Annual Leave,2025-10-04,2025-10-07,3,Approved
304,125,Unpaid Leave,2024-06-20,2024-06-24,4,Pending
305,126,Sick Leave,2024-02-25,2024-03-01,5,Approved
306,126,Maternity/Paternity Leave,2025-11-16,2025-11-26,10,Approved
307,126,Sick Leave,2024-01-07,2024-01-15,8,Approved
308,127,Maternity/Paternity Leave,2025-06-15,2025-06-18,3,Approved
309,127,Annual Leave,2026-06-19,2026-06-24,5,Approved
310,128,Unpaid Leave,2024-03-29,2024-04-08,10,Approved
311,128,Unpaid Leave,2025-04-21,2025-04-22,1,Approved
312,129,Sick Leave,2024-01-07,2024-01-15,8,Approved
313,129,Unpaid Leave,2025-07-03,2025-07-09,6,Approved
314,129,Casual Leave,2026-06-19,2026-06-28,9,Approved
315,129,Maternity/Paternity Leave,2025-11-25,2025-12-02,7,Pending
316,130,Maternity/Paternity Leave,2026-04-30,2026-05-09,9,Approved
317,130,Annual Leave,2025-03-07,2025-03-14,7,Approved
318,131,Sick Leave,2025-11-24,2025-11-28,4,Approved
319,131,Annual Leave,2025-12-25,2025-12-28,3,Approved
320,131,Maternity/Paternity Leave,2025-12-05,2025-12-09,4,Approved
321,132,Sick Leave,2026-03-22,2026-03-31,9,Pending
322,133,Annual Leave,2026-06-30,2026-07-01,1,Approved
323,133,Casual Leave,2026-01-14,2026-01-20,6,Approved
324,133,Unpaid Leave,2026-05-08,2026-05-17,9,Pending
325,134,Unpaid Leave,2025-08-29,2025-08-30,1,Approved
326,135,Sick Leave,2024-12-11,2024-12-15,4,Approved
327,135,Maternity/Paternity Leave,2024-02-22,2024-02-26,4,Approved
328,136,Casual Leave,2024-11-20,2024-11-21,1,Pending
329,136,Sick Leave,2024-10-28,2024-11-06,9,Approved
330,137,Annual Leave,2024-04-01,2024-04-04,3,Approved
331,138,Unpaid Leave,2025-04-25,2025-04-29,4,Approved
332,138,Unpaid Leave,2025-11-03,2025-11-11,8,Approved
333,139,Annual Leave,2025-10-23,2025-10-29,6,Rejected
334,140,Annual Leave,2026-03-20,2026-03-28,8,Approved
335,140,Unpaid Leave,2024-05-06,2024-05-14,8,Approved
336,141,Unpaid Leave,2025-07-02,2025-07-12,10,Approved
337,141,Annual Leave,2026-03-03,2026-03-04,1,Approved
338,142,Unpaid Leave,2024-09-11,2024-09-15,4,Approved
339,142,Casual Leave,2025-09-29,2025-10-07,8,Pending
340,142,Maternity/Paternity Leave,2026-01-13,2026-01-20,7,Approved
341,142,Maternity/Paternity Leave,2024-12-02,2024-12-05,3,Approved
342,143,Unpaid Leave,2025-07-17,2025-07-22,5,Approved
343,143,Unpaid Leave,2025-08-23,2025-08-27,4,Approved
344,143,Maternity/Paternity Leave,2025-03-09,2025-03-18,9,Approved
345,144,Casual Leave,2025-04-24,2025-04-27,3,Approved
346,145,Annual Leave,2024-06-20,2024-06-28,8,Approved
347,145,Annual Leave,2026-06-18,2026-06-25,7,Approved
348,145,Unpaid Leave,2026-05-23,2026-05-31,8,Approved
349,145,Annual Leave,2026-01-11,2026-01-14,3,Approved
350,146,Casual Leave,2024-01-16,2024-01-20,4,Approved
351,146,Maternity/Paternity Leave,2024-11-24,2024-11-30,6,Rejected
352,147,Sick Leave,2024-02-11,2024-02-16,5,Pending
353,148,Maternity/Paternity Leave,2026-06-17,2026-06-23,6,Approved
354,148,Unpaid Leave,2026-05-16,2026-05-19,3,Pending
355,149,Maternity/Paternity Leave,2025-12-10,2025-12-16,6,Pending
356,149,Casual Leave,2026-02-07,2026-02-17,10,Rejected
357,150,Casual Leave,2024-12-30,2025-01-04,5,Approved
358,150,Casual Leave,2025-07-12,2025-07-18,6,Approved
359,151,Maternity/Paternity Leave,2025-08-17,2025-08-23,6,Approved
360,151,Maternity/Paternity Leave,2025-12-15,2025-12-25,10,Approved
361,151,Maternity/Paternity Leave,2026-06-07,2026-06-08,1,Rejected
362,152,Sick Leave,2026-04-28,2026-05-05,7,Approved
363,153,Sick Leave,2026-06-21,2026-06-26,5,Approved
364,153,Casual Leave,2026-03-15,2026-03-19,4,Approved
365,153,Annual Leave,2026-04-20,2026-04-25,5,Rejected
366,153,Maternity/Paternity Leave,2025-12-13,2025-12-19,6,Approved
367,154,Sick Leave,2024-09-25,2024-10-04,9,Approved
368,154,Maternity/Paternity Leave,2024-06-26,2024-06-30,4,Approved
369,154,Sick Leave,2024-05-10,2024-05-15,5,Approved
370,155,Unpaid Leave,2025-04-19,2025-04-25,6,Approved
371,155,Annual Leave,2025-06-05,2025-06-13,8,Pending
372,156,Unpaid Leave,2026-02-20,2026-02-28,8,Approved
373,156,Annual Leave,2025-04-05,2025-04-15,10,Approved
374,156,Casual Leave,2024-04-26,2024-04-27,1,Approved
375,156,Casual Leave,2025-12-27,2026-01-05,9,Approved
376,157,Annual Leave,2024-10-01,2024-10-09,8,Approved
377,158,Sick Leave,2025-09-05,2025-09-12,7,Rejected
378,158,Sick Leave,2025-05-15,2025-05-25,10,Approved
379,158,Sick Leave,2026-03-08,2026-03-17,9,Approved
380,159,Casual Leave,2024-06-02,2024-06-12,10,Approved
381,159,Casual Leave,2025-02-11,2025-02-20,9,Approved
382,159,Annual Leave,2024-04-15,2024-04-16,1,Approved
383,160,Maternity/Paternity Leave,2025-08-27,2025-09-02,6,Pending
384,160,Maternity/Paternity Leave,2024-08-07,2024-08-11,4,Approved
385,160,Casual Leave,2024-07-12,2024-07-16,4,Approved
386,161,Annual Leave,2025-11-17,2025-11-22,5,Approved
387,161,Maternity/Paternity Leave,2025-08-24,2025-08-27,3,Approved
388,162,Annual Leave,2024-07-13,2024-07-20,7,Rejected
389,162,Unpaid Leave,2025-04-11,2025-04-20,9,Approved
390,162,Maternity/Paternity Leave,2025-11-19,2025-11-25,6,Approved
391,162,Casual Leave,2024-09-07,2024-09-08,1,Pending
392,163,Annual Leave,2026-04-27,2026-05-02,5,Approved
393,163,Unpaid Leave,2026-04-03,2026-04-05,2,Approved
394,163,Unpaid Leave,2025-11-29,2025-12-01,2,Approved
395,163,Maternity/Paternity Leave,2024-07-19,2024-07-21,2,Approved
396,164,Maternity/Paternity Leave,2024-08-22,2024-08-24,2,Rejected
397,164,Sick Leave,2025-03-10,2025-03-15,5,Approved
398,165,Unpaid Leave,2026-03-29,2026-03-31,2,Approved
399,165,Maternity/Paternity Leave,2024-04-22,2024-04-28,6,Approved
400,165,Casual Leave,2024-05-03,2024-05-04,1,Approved
401,166,Annual Leave,2025-05-02,2025-05-12,10,Rejected
402,167,Sick Leave,2025-10-23,2025-10-27,4,Approved
403,168,Casual Leave,2024-03-23,2024-03-27,4,Approved
404,168,Sick Leave,2025-09-22,2025-10-01,9,Approved
405,168,Unpaid Leave,2026-03-06,2026-03-16,10,Pending
406,169,Sick Leave,2026-04-29,2026-05-03,4,Rejected
407,169,Annual Leave,2025-11-29,2025-12-04,5,Approved
408,170,Annual Leave,2025-07-01,2025-07-04,3,Approved
409,171,Sick Leave,2025-08-10,2025-08-16,6,Pending
410,171,Maternity/Paternity Leave,2024-12-09,2024-12-13,4,Approved
411,171,Sick Leave,2025-10-16,2025-10-21,5,Approved
412,172,Maternity/Paternity Leave,2025-11-02,2025-11-03,1,Approved
413,172,Maternity/Paternity Leave,2024-12-14,2024-12-16,2,Rejected
414,172,Sick Leave,2025-08-08,2025-08-09,1,Approved
415,173,Maternity/Paternity Leave,2025-05-27,2025-05-28,1,Approved
416,173,Maternity/Paternity Leave,2026-02-19,2026-02-23,4,Approved
417,173,Annual Leave,2026-01-07,2026-01-17,10,Rejected
418,173,Unpaid Leave,2024-07-22,2024-07-25,3,Approved
419,174,Annual Leave,2024-04-15,2024-04-18,3,Rejected
420,175,Casual Leave,2024-03-20,2024-03-30,10,Approved
421,175,Annual Leave,2024-03-22,2024-03-29,7,Approved
422,175,Casual Leave,2025-11-06,2025-11-15,9,Approved
423,175,Maternity/Paternity Leave,2026-05-04,2026-05-13,9,Approved
424,176,Maternity/Paternity Leave,2025-12-12,2025-12-13,1,Approved
425,177,Casual Leave,2024-04-15,2024-04-17,2,Approved
426,177,Casual Leave,2024-12-01,2024-12-03,2,Approved
427,177,Annual Leave,2026-02-17,2026-02-21,4,Pending
428,177,Annual Leave,2026-05-20,2026-05-27,7,Pending
429,178,Sick Leave,2025-06-10,2025-06-16,6,Approved
430,178,Sick Leave,2024-01-02,2024-01-05,3,Approved
431,178,Maternity/Paternity Leave,2024-02-26,2024-03-06,9,Approved
432,179,Sick Leave,2025-05-03,2025-05-04,1,Approved
433,180,Sick Leave,2026-02-11,2026-02-17,6,Approved
434,180,Unpaid Leave,2026-06-12,2026-06-19,7,Approved
435,180,Sick Leave,2024-10-18,2024-10-21,3,Approved
436,181,Annual Leave,2025-06-23,2025-06-25,2,Rejected
437,181,Maternity/Paternity Leave,2025-12-25,2026-01-02,8,Approved
438,181,Casual Leave,2026-03-03,2026-03-09,6,Pending
439,182,Casual Leave,2025-04-19,2025-04-20,1,Rejected
440,182,Annual Leave,2025-07-02,2025-07-03,1,Pending
441,182,Annual Leave,2024-07-21,2024-07-24,3,Pending
442,183,Sick Leave,2026-03-26,2026-04-05,10,Approved
443,183,Casual Leave,2026-04-18,2026-04-21,3,Approved
444,183,Annual Leave,2026-04-06,2026-04-10,4,Approved
445,183,Maternity/Paternity Leave,2026-02-15,2026-02-17,2,Pending
446,184,Unpaid Leave,2026-05-09,2026-05-18,9,Approved
447,184,Maternity/Paternity Leave,2026-02-02,2026-02-03,1,Approved
448,184,Unpaid Leave,2025-03-31,2025-04-05,5,Approved
449,184,Annual Leave,2025-02-19,2025-02-25,6,Pending
450,185,Unpaid Leave,2025-07-02,2025-07-10,8,Approved
451,185,Unpaid Leave,2024-05-13,2024-05-17,4,Approved
452,185,Sick Leave,2025-08-29,2025-09-01,3,Rejected
453,185,Annual Leave,2025-12-31,2026-01-04,4,Approved
454,186,Annual Leave,2025-10-03,2025-10-08,5,Pending
455,186,Sick Leave,2025-06-30,2025-07-04,4,Approved
456,186,Maternity/Paternity Leave,2024-10-08,2024-10-13,5,Approved
457,186,Unpaid Leave,2026-06-22,2026-07-02,10,Approved
458,187,Casual Leave,2024-10-27,2024-10-30,3,Approved
459,187,Annual Leave,2026-06-28,2026-07-01,3,Approved
460,187,Sick Leave,2025-12-08,2025-12-15,7,Approved
461,188,Annual Leave,2025-03-12,2025-03-13,1,Approved
462,188,Casual Leave,2026-01-25,2026-01-29,4,Approved
463,189,Casual Leave,2025-10-25,2025-11-04,10,Approved
464,190,Sick Leave,2026-05-17,2026-05-27,10,Approved
465,190,Unpaid Leave,2026-03-28,2026-04-05,8,Approved
466,191,Unpaid Leave,2026-06-13,2026-06-15,2,Approved
467,191,Sick Leave,2024-10-30,2024-11-05,6,Approved
468,191,Maternity/Paternity Leave,2026-01-25,2026-01-30,5,Approved
469,191,Annual Leave,2024-07-11,2024-07-20,9,Approved
470,192,Casual Leave,2026-05-25,2026-06-03,9,Approved
471,192,Unpaid Leave,2026-06-05,2026-06-12,7,Approved
472,192,Maternity/Paternity Leave,2026-05-20,2026-05-23,3,Approved
473,193,Casual Leave,2024-02-17,2024-02-19,2,Approved
474,194,Maternity/Paternity Leave,2026-03-07,2026-03-13,6,Approved
475,194,Annual Leave,2024-07-27,2024-08-05,9,Pending
476,195,Unpaid Leave,2025-09-21,2025-09-28,7,Rejected
477,195,Sick Leave,2025-07-30,2025-08-03,4,Approved
478,196,Casual Leave,2026-06-16,2026-06-20,4,Approved
479,197,Unpaid Leave,2025-08-24,2025-09-03,10,Pending
480,197,Casual Leave,2026-02-12,2026-02-13,1,Rejected
481,198,Sick Leave,2026-06-22,2026-07-01,9,Approved
482,198,Unpaid Leave,2025-05-14,2025-05-16,2,Approved
483,199,Unpaid Leave,2024-11-03,2024-11-06,3,Approved
484,199,Casual Leave,2025-09-10,2025-09-17,7,Pending
485,200,Unpaid Leave,2026-06-22,2026-06-29,7,Approved
486,201,Sick Leave,2025-11-22,2025-11-30,8,Approved
487,201,Casual Leave,2024-12-22,2024-12-27,5,Approved
488,201,Sick Leave,2025-04-26,2025-05-05,9,Approved
489,201,Annual Leave,2024-09-15,2024-09-25,10,Approved
490,202,Maternity/Paternity Leave,2025-11-07,2025-11-14,7,Approved
491,203,Sick Leave,2024-06-26,2024-06-30,4,Approved
492,203,Sick Leave,2026-02-19,2026-02-26,7,Approved
493,204,Casual Leave,2024-12-25,2024-12-31,6,Approved
494,204,Annual Leave,2024-04-29,2024-05-02,3,Pending
495,205,Casual Leave,2025-11-17,2025-11-21,4,Approved
496,205,Annual Leave,2025-06-13,2025-06-19,6,Approved
497,206,Unpaid Leave,2026-01-04,2026-01-13,9,Approved
498,206,Maternity/Paternity Leave,2026-02-14,2026-02-22,8,Approved
499,206,Unpaid Leave,2025-10-09,2025-10-14,5,Rejected
500,207,Casual Leave,2025-02-21,2025-02-24,3,Approved
501,207,Annual Leave,2024-05-29,2024-06-03,5,Pending
502,207,Casual Leave,2024-05-05,2024-05-12,7,Rejected
503,207,Maternity/Paternity Leave,2025-09-26,2025-09-28,2,Approved
504,208,Sick Leave,2024-09-22,2024-09-30,8,Rejected
505,208,Unpaid Leave,2024-05-12,2024-05-21,9,Approved
506,209,Maternity/Paternity Leave,2024-07-17,2024-07-21,4,Pending
507,209,Annual Leave,2025-11-13,2025-11-20,7,Approved
508,209,Casual Leave,2025-11-01,2025-11-06,5,Rejected
509,210,Casual Leave,2024-01-09,2024-01-18,9,Approved
510,210,Annual Leave,2025-10-24,2025-10-30,6,Approved
511,210,Maternity/Paternity Leave,2025-06-09,2025-06-17,8,Approved
512,211,Casual Leave,2026-05-29,2026-06-08,10,Approved
513,211,Maternity/Paternity Leave,2026-06-29,2026-07-01,2,Pending
514,212,Maternity/Paternity Leave,2024-05-14,2024-05-24,10,Approved
515,212,Unpaid Leave,2026-05-16,2026-05-17,1,Approved
516,212,Annual Leave,2025-01-24,2025-01-26,2,Approved
517,212,Unpaid Leave,2026-02-06,2026-02-10,4,Approved
518,213,Annual Leave,2026-04-24,2026-05-01,7,Approved
519,213,Maternity/Paternity Leave,2024-03-28,2024-04-03,6,Approved
520,213,Unpaid Leave,2026-06-07,2026-06-15,8,Approved
521,213,Maternity/Paternity Leave,2024-06-12,2024-06-13,1,Pending
522,214,Annual Leave,2024-02-17,2024-02-21,4,Approved
523,215,Maternity/Paternity Leave,2026-06-13,2026-06-15,2,Approved
524,215,Casual Leave,2025-08-15,2025-08-16,1,Approved
525,215,Casual Leave,2025-06-25,2025-07-01,6,Rejected
526,216,Annual Leave,2026-06-03,2026-06-07,4,Approved
527,216,Casual Leave,2025-07-25,2025-07-31,6,Approved
528,216,Unpaid Leave,2025-01-03,2025-01-06,3,Approved
529,217,Sick Leave,2024-02-01,2024-02-08,7,Rejected
530,217,Casual Leave,2024-08-07,2024-08-15,8,Pending
531,217,Sick Leave,2025-03-21,2025-03-27,6,Approved
532,218,Annual Leave,2025-09-19,2025-09-24,5,Approved
533,218,Maternity/Paternity Leave,2026-05-20,2026-05-27,7,Approved
534,218,Sick Leave,2025-08-18,2025-08-21,3,Rejected
535,219,Maternity/Paternity Leave,2025-07-05,2025-07-13,8,Approved
536,219,Sick Leave,2026-01-04,2026-01-10,6,Rejected
537,219,Sick Leave,2026-03-04,2026-03-10,6,Approved
538,220,Unpaid Leave,2025-08-23,2025-09-01,9,Approved
539,220,Unpaid Leave,2025-12-10,2025-12-15,5,Rejected
540,220,Annual Leave,2026-02-27,2026-03-02,3,Approved
541,221,Unpaid Leave,2025-08-16,2025-08-18,2,Approved
542,221,Sick Leave,2024-09-07,2024-09-14,7,Pending
543,222,Sick Leave,2025-08-18,2025-08-27,9,Approved
544,222,Casual Leave,2024-11-30,2024-12-07,7,Approved
545,222,Annual Leave,2024-04-19,2024-04-29,10,Approved
546,223,Annual Leave,2024-10-20,2024-10-24,4,Approved
547,223,Casual Leave,2025-07-21,2025-07-25,4,Approved
548,223,Sick Leave,2025-11-19,2025-11-20,1,Approved
549,224,Sick Leave,2025-04-09,2025-04-13,4,Approved
550,224,Sick Leave,2024-01-22,2024-01-25,3,Approved
551,225,Maternity/Paternity Leave,2026-06-04,2026-06-14,10,Approved
552,226,Unpaid Leave,2025-06-06,2025-06-15,9,Approved
553,226,Unpaid Leave,2024-09-06,2024-09-10,4,Approved
554,226,Unpaid Leave,2025-11-10,2025-11-20,10,Approved
555,226,Casual Leave,2025-12-25,2026-01-01,7,Approved
556,227,Sick Leave,2024-06-14,2024-06-21,7,Approved
557,227,Annual Leave,2025-03-17,2025-03-23,6,Approved
558,227,Sick Leave,2025-08-10,2025-08-13,3,Approved
559,228,Unpaid Leave,2025-01-30,2025-02-01,2,Pending
560,228,Annual Leave,2025-06-05,2025-06-13,8,Approved
561,229,Unpaid Leave,2024-03-31,2024-04-06,6,Approved
562,229,Unpaid Leave,2024-02-27,2024-03-02,4,Approved
563,230,Maternity/Paternity Leave,2026-04-08,2026-04-16,8,Approved
564,231,Sick Leave,2025-12-26,2025-12-28,2,Pending
565,231,Unpaid Leave,2024-06-17,2024-06-18,1,Approved
566,231,Maternity/Paternity Leave,2026-01-11,2026-01-12,1,Pending
567,231,Casual Leave,2024-01-19,2024-01-22,3,Approved
568,232,Annual Leave,2026-03-05,2026-03-10,5,Approved
569,233,Sick Leave,2025-05-04,2025-05-11,7,Approved
570,233,Maternity/Paternity Leave,2026-01-10,2026-01-17,7,Approved
571,233,Casual Leave,2025-03-21,2025-03-26,5,Approved
572,233,Unpaid Leave,2025-04-18,2025-04-24,6,Approved
573,234,Unpaid Leave,2025-06-17,2025-06-20,3,Rejected
574,234,Unpaid Leave,2025-10-12,2025-10-18,6,Pending
575,234,Casual Leave,2025-12-21,2025-12-22,1,Approved
576,234,Annual Leave,2024-04-23,2024-05-03,10,Approved
577,235,Sick Leave,2026-02-11,2026-02-20,9,Approved
578,236,Sick Leave,2026-05-30,2026-06-03,4,Pending
579,236,Maternity/Paternity Leave,2026-03-29,2026-04-01,3,Approved
580,237,Maternity/Paternity Leave,2024-06-13,2024-06-19,6,Approved
581,238,Maternity/Paternity Leave,2025-06-30,2025-07-07,7,Approved
582,238,Sick Leave,2024-06-13,2024-06-16,3,Rejected
583,238,Sick Leave,2025-05-20,2025-05-22,2,Approved
584,238,Maternity/Paternity Leave,2025-12-31,2026-01-07,7,Pending
585,239,Sick Leave,2024-04-22,2024-04-25,3,Approved
586,240,Annual Leave,2024-04-27,2024-05-03,6,Pending
587,240,Annual Leave,2024-07-07,2024-07-13,6,Approved
588,241,Annual Leave,2024-05-27,2024-05-28,1,Pending
589,241,Casual Leave,2025-05-27,2025-06-05,9,Approved
590,241,Unpaid Leave,2026-02-15,2026-02-17,2,Approved
591,242,Casual Leave,2024-02-01,2024-02-02,1,Approved
592,243,Annual Leave,2026-06-12,2026-06-22,10,Approved
593,244,Maternity/Paternity Leave,2025-06-11,2025-06-15,4,Approved
594,244,Casual Leave,2025-02-20,2025-02-23,3,Approved
595,245,Unpaid Leave,2026-02-19,2026-02-22,3,Approved
596,246,Sick Leave,2025-01-20,2025-01-28,8,Approved
597,246,Maternity/Paternity Leave,2026-05-12,2026-05-21,9,Approved
598,247,Unpaid Leave,2024-01-01,2024-01-11,10,Approved
599,248,Annual Leave,2025-08-07,2025-08-12,5,Pending
600,249,Sick Leave,2026-05-12,2026-05-15,3,Approved
601,249,Unpaid Leave,2025-04-18,2025-04-20,2,Approved
602,249,Casual Leave,2025-12-14,2025-12-17,3,Pending
603,250,Maternity/Paternity Leave,2025-08-24,2025-09-02,9,Rejected
604,250,Annual Leave,2025-02-09,2025-02-11,2,Approved
605,250,Sick Leave,2025-06-10,2025-06-16,6,Approved
606,250,Maternity/Paternity Leave,2025-09-25,2025-09-29,4,Pending
607,251,Annual Leave,2025-04-21,2025-04-28,7,Approved
608,251,Unpaid Leave,2026-06-18,2026-06-26,8,Rejected
609,252,Casual Leave,2024-11-17,2024-11-26,9,Approved
610,253,Casual Leave,2025-05-05,2025-05-14,9,Approved
611,253,Sick Leave,2024-07-10,2024-07-16,6,Approved
612,253,Maternity/Paternity Leave,2024-03-31,2024-04-05,5,Pending
613,253,Annual Leave,2026-01-17,2026-01-24,7,Approved
614,254,Casual Leave,2024-08-04,2024-08-05,1,Approved
615,254,Maternity/Paternity Leave,2024-06-20,2024-06-29,9,Approved
616,254,Casual Leave,2024-09-30,2024-10-05,5,Approved
617,254,Annual Leave,2026-01-29,2026-01-30,1,Approved
618,255,Unpaid Leave,2026-05-29,2026-05-31,2,Approved
619,255,Casual Leave,2025-08-29,2025-09-08,10,Approved
620,256,Casual Leave,2025-12-14,2025-12-23,9,Approved
621,257,Unpaid Leave,2024-11-23,2024-11-27,4,Approved
622,257,Maternity/Paternity Leave,2024-04-27,2024-04-28,1,Rejected
623,257,Sick Leave,2025-07-21,2025-07-30,9,Approved
624,257,Annual Leave,2024-03-08,2024-03-17,9,Approved
625,258,Sick Leave,2024-08-20,2024-08-22,2,Approved
626,258,Annual Leave,2024-12-14,2024-12-18,4,Approved
627,259,Unpaid Leave,2026-04-04,2026-04-12,8,Approved
628,259,Maternity/Paternity Leave,2024-12-30,2024-12-31,1,Approved
629,260,Annual Leave,2025-09-30,2025-10-02,2,Pending
630,260,Casual Leave,2025-11-20,2025-11-24,4,Approved
631,261,Casual Leave,2025-08-21,2025-08-28,7,Rejected
632,261,Sick Leave,2026-01-15,2026-01-22,7,Approved
633,262,Maternity/Paternity Leave,2025-05-03,2025-05-13,10,Approved
634,262,Casual Leave,2024-03-05,2024-03-15,10,Approved
635,263,Annual Leave,2026-06-06,2026-06-11,5,Approved
636,263,Maternity/Paternity Leave,2026-06-30,2026-07-07,7,Rejected
637,264,Maternity/Paternity Leave,2025-09-27,2025-10-01,4,Rejected
638,264,Maternity/Paternity Leave,2024-06-24,2024-06-29,5,Approved
639,264,Maternity/Paternity Leave,2024-12-05,2024-12-06,1,Approved
640,265,Annual Leave,2026-02-13,2026-02-17,4,Approved
641,265,Maternity/Paternity Leave,2026-04-20,2026-04-22,2,Approved
642,266,Sick Leave,2025-10-06,2025-10-09,3,Approved
643,267,Casual Leave,2025-01-17,2025-01-24,7,Approved
644,267,Casual Leave,2024-05-19,2024-05-24,5,Pending
645,267,Maternity/Paternity Leave,2026-06-24,2026-06-26,2,Rejected
646,268,Maternity/Paternity Leave,2025-01-30,2025-02-01,2,Approved
647,268,Annual Leave,2024-01-24,2024-01-28,4,Approved
648,269,Sick Leave,2025-07-04,2025-07-12,8,Approved
649,269,Sick Leave,2024-03-11,2024-03-12,1,Rejected
650,269,Annual Leave,2024-04-23,2024-04-25,2,Rejected
651,269,Casual Leave,2024-04-10,2024-04-14,4,Approved
652,270,Annual Leave,2025-05-15,2025-05-18,3,Approved
653,270,Sick Leave,2024-03-01,2024-03-10,9,Rejected
654,270,Annual Leave,2025-08-06,2025-08-10,4,Approved
655,270,Sick Leave,2024-11-26,2024-12-06,10,Approved
656,271,Casual Leave,2024-10-31,2024-11-05,5,Pending
657,271,Annual Leave,2024-09-06,2024-09-14,8,Approved
658,271,Casual Leave,2026-03-03,2026-03-10,7,Approved
659,272,Sick Leave,2024-07-24,2024-07-28,4,Approved
660,273,Maternity/Paternity Leave,2024-07-18,2024-07-26,8,Approved
661,273,Unpaid Leave,2025-04-08,2025-04-10,2,Rejected
662,273,Sick Leave,2026-06-08,2026-06-17,9,Approved
663,274,Annual Leave,2024-12-11,2024-12-20,9,Pending
664,274,Maternity/Paternity Leave,2024-04-05,2024-04-07,2,Approved
665,275,Casual Leave,2026-04-24,2026-05-04,10,Approved
666,276,Annual Leave,2024-06-09,2024-06-10,1,Approved
667,276,Annual Leave,2025-10-26,2025-10-30,4,Approved
668,276,Maternity/Paternity Leave,2024-10-06,2024-10-16,10,Approved
669,277,Annual Leave,2026-01-19,2026-01-23,4,Rejected
670,278,Maternity/Paternity Leave,2025-03-22,2025-03-23,1,Approved
671,279,Maternity/Paternity Leave,2025-05-11,2025-05-16,5,Approved
672,279,Sick Leave,2025-10-09,2025-10-17,8,Pending
673,279,Casual Leave,2026-03-04,2026-03-12,8,Approved
674,279,Sick Leave,2025-05-31,2025-06-08,8,Approved
675,280,Sick Leave,2025-07-08,2025-07-17,9,Pending
676,280,Sick Leave,2026-03-28,2026-03-31,3,Approved
677,280,Sick Leave,2024-06-04,2024-06-11,7,Pending
678,280,Maternity/Paternity Leave,2026-05-13,2026-05-19,6,Approved
679,281,Maternity/Paternity Leave,2024-12-21,2024-12-24,3,Approved
680,281,Maternity/Paternity Leave,2024-11-10,2024-11-19,9,Pending
681,281,Casual Leave,2025-11-07,2025-11-10,3,Rejected
682,282,Maternity/Paternity Leave,2026-06-15,2026-06-22,7,Approved
683,282,Maternity/Paternity Leave,2025-11-15,2025-11-23,8,Approved
684,283,Casual Leave,2025-06-26,2025-07-04,8,Approved
685,283,Unpaid Leave,2026-02-13,2026-02-20,7,Approved
686,283,Sick Leave,2025-03-10,2025-03-14,4,Approved
687,283,Unpaid Leave,2024-04-26,2024-05-06,10,Approved
688,284,Maternity/Paternity Leave,2024-05-29,2024-06-06,8,Approved
689,284,Sick Leave,2025-06-21,2025-06-27,6,Approved
690,284,Annual Leave,2024-09-18,2024-09-25,7,Approved
691,285,Unpaid Leave,2024-04-25,2024-04-30,5,Pending
692,285,Sick Leave,2024-12-11,2024-12-18,7,Approved
693,285,Sick Leave,2025-11-01,2025-11-07,6,Approved
694,285,Maternity/Paternity Leave,2024-02-18,2024-02-25,7,Pending
695,286,Sick Leave,2026-06-20,2026-06-28,8,Approved
696,286,Sick Leave,2026-06-30,2026-07-07,7,Approved
697,287,Maternity/Paternity Leave,2025-10-07,2025-10-17,10,Rejected
698,287,Sick Leave,2024-08-15,2024-08-25,10,Rejected
699,287,Maternity/Paternity Leave,2025-07-09,2025-07-12,3,Approved
700,288,Maternity/Paternity Leave,2025-10-06,2025-10-09,3,Rejected
701,288,Unpaid Leave,2024-06-15,2024-06-21,6,Approved
702,289,Annual Leave,2026-06-18,2026-06-20,2,Rejected
703,290,Annual Leave,2025-12-29,2025-12-30,1,Pending
704,291,Casual Leave,2025-04-03,2025-04-05,2,Approved
705,291,Sick Leave,2024-09-08,2024-09-12,4,Approved
706,291,Casual Leave,2025-01-25,2025-01-30,5,Rejected
707,292,Maternity/Paternity Leave,2026-05-08,2026-05-18,10,Pending
708,292,Sick Leave,2026-03-14,2026-03-22,8,Approved
709,292,Unpaid Leave,2026-01-12,2026-01-17,5,Approved
710,293,Annual Leave,2024-10-05,2024-10-08,3,Approved
711,293,Maternity/Paternity Leave,2026-02-21,2026-03-02,9,Pending
712,294,Maternity/Paternity Leave,2026-05-14,2026-05-23,9,Approved
713,294,Sick Leave,2025-01-05,2025-01-10,5,Approved
714,295,Annual Leave,2024-10-12,2024-10-15,3,Pending
715,296,Maternity/Paternity Leave,2024-03-23,2024-03-26,3,Pending
716,297,Annual Leave,2024-03-13,2024-03-21,8,Approved
717,297,Casual Leave,2025-10-27,2025-11-06,10,Approved
718,297,Sick Leave,2026-05-11,2026-05-19,8,Approved
719,297,Maternity/Paternity Leave,2024-05-30,2024-06-07,8,Pending
720,298,Casual Leave,2024-02-22,2024-02-28,6,Pending
721,298,Unpaid Leave,2025-11-08,2025-11-10,2,Approved
722,298,Sick Leave,2025-05-20,2025-05-25,5,Approved
723,299,Casual Leave,2025-03-25,2025-03-29,4,Pending
724,300,Maternity/Paternity Leave,2026-03-08,2026-03-10,2,Approved
725,300,Unpaid Leave,2026-05-27,2026-05-28,1,Approved
726,300,Casual Leave,2025-01-21,2025-01-28,7,Pending
727,301,Unpaid Leave,2026-06-04,2026-06-08,4,Approved
728,301,Sick Leave,2026-06-16,2026-06-17,1,Approved
729,301,Casual Leave,2026-06-03,2026-06-04,1,Approved
730,302,Casual Leave,2025-04-14,2025-04-22,8,Pending
731,302,Maternity/Paternity Leave,2026-06-29,2026-06-30,1,Approved
732,302,Annual Leave,2026-03-20,2026-03-22,2,Approved
733,303,Unpaid Leave,2025-09-28,2025-10-08,10,Approved
734,303,Sick Leave,2025-01-04,2025-01-05,1,Approved
735,304,Casual Leave,2025-07-16,2025-07-23,7,Approved
736,304,Unpaid Leave,2026-04-10,2026-04-17,7,Approved
737,304,Casual Leave,2025-11-11,2025-11-18,7,Approved
738,304,Casual Leave,2025-10-13,2025-10-16,3,Pending
739,305,Annual Leave,2025-10-02,2025-10-10,8,Approved
740,305,Annual Leave,2025-11-14,2025-11-22,8,Pending
741,306,Annual Leave,2024-08-10,2024-08-19,9,Pending
742,306,Annual Leave,2025-11-04,2025-11-07,3,Rejected
743,306,Casual Leave,2026-05-17,2026-05-21,4,Approved
744,307,Sick Leave,2026-01-20,2026-01-23,3,Approved
745,308,Annual Leave,2026-04-28,2026-04-30,2,Approved
746,309,Unpaid Leave,2025-04-26,2025-05-06,10,Approved
747,309,Casual Leave,2025-07-09,2025-07-17,8,Approved
748,309,Annual Leave,2025-07-07,2025-07-09,2,Approved
749,310,Annual Leave,2026-05-29,2026-06-02,4,Pending
750,310,Annual Leave,2025-09-07,2025-09-10,3,Approved
751,311,Sick Leave,2026-03-15,2026-03-22,7,Rejected
752,312,Maternity/Paternity Leave,2025-04-22,2025-04-23,1,Approved
753,312,Sick Leave,2024-07-24,2024-07-30,6,Approved
754,313,Maternity/Paternity Leave,2024-03-09,2024-03-13,4,Approved
755,313,Maternity/Paternity Leave,2026-02-04,2026-02-14,10,Approved
756,313,Unpaid Leave,2025-04-13,2025-04-18,5,Approved
757,313,Unpaid Leave,2026-05-18,2026-05-19,1,Approved
758,314,Sick Leave,2025-01-20,2025-01-22,2,Approved
759,315,Unpaid Leave,2025-06-07,2025-06-10,3,Pending
760,315,Annual Leave,2025-06-04,2025-06-08,4,Approved
761,315,Casual Leave,2024-12-23,2024-12-27,4,Approved
762,316,Unpaid Leave,2026-04-13,2026-04-16,3,Approved
763,316,Unpaid Leave,2024-08-15,2024-08-20,5,Approved
764,317,Casual Leave,2026-04-30,2026-05-04,4,Approved
765,317,Casual Leave,2026-05-30,2026-06-03,4,Approved
766,317,Annual Leave,2026-03-05,2026-03-10,5,Rejected
767,318,Annual Leave,2026-04-27,2026-04-29,2,Approved
768,319,Maternity/Paternity Leave,2024-09-24,2024-09-26,2,Approved
769,319,Annual Leave,2024-07-13,2024-07-14,1,Pending
770,319,Casual Leave,2025-11-04,2025-11-10,6,Approved
771,319,Annual Leave,2025-06-02,2025-06-12,10,Approved
772,320,Maternity/Paternity Leave,2024-07-17,2024-07-23,6,Approved
773,320,Maternity/Paternity Leave,2024-10-04,2024-10-10,6,Approved
774,320,Sick Leave,2026-04-30,2026-05-06,6,Approved
775,321,Casual Leave,2025-08-09,2025-08-19,10,Approved
776,321,Maternity/Paternity Leave,2026-01-23,2026-01-30,7,Approved
777,322,Maternity/Paternity Leave,2025-12-06,2025-12-13,7,Approved
778,322,Maternity/Paternity Leave,2026-03-08,2026-03-16,8,Approved
779,322,Sick Leave,2026-04-10,2026-04-17,7,Pending
780,323,Sick Leave,2025-03-21,2025-03-28,7,Pending
781,323,Maternity/Paternity Leave,2024-11-20,2024-11-27,7,Approved
782,323,Sick Leave,2025-07-15,2025-07-18,3,Approved
783,324,Maternity/Paternity Leave,2025-12-17,2025-12-19,2,Approved
784,324,Sick Leave,2025-12-24,2025-12-27,3,Approved
785,325,Casual Leave,2024-12-08,2024-12-16,8,Approved
786,326,Unpaid Leave,2026-03-22,2026-03-26,4,Approved
787,326,Sick Leave,2024-06-18,2024-06-26,8,Approved
788,326,Annual Leave,2024-11-19,2024-11-27,8,Pending
789,327,Casual Leave,2024-04-02,2024-04-04,2,Approved
790,327,Sick Leave,2025-03-24,2025-04-01,8,Approved
791,327,Maternity/Paternity Leave,2024-03-18,2024-03-22,4,Approved
792,328,Casual Leave,2025-12-29,2026-01-05,7,Approved
793,328,Casual Leave,2025-08-15,2025-08-18,3,Approved
794,329,Sick Leave,2024-04-22,2024-05-02,10,Approved
795,329,Casual Leave,2025-03-20,2025-03-29,9,Approved
796,329,Maternity/Paternity Leave,2024-05-21,2024-05-24,3,Approved
797,329,Casual Leave,2025-08-21,2025-08-23,2,Approved
798,330,Casual Leave,2024-07-25,2024-07-29,4,Approved
799,330,Casual Leave,2024-12-26,2024-12-30,4,Pending
800,330,Unpaid Leave,2024-09-29,2024-10-07,8,Rejected
801,330,Casual Leave,2025-01-25,2025-01-31,6,Approved
802,331,Unpaid Leave,2024-06-15,2024-06-18,3,Pending
803,331,Unpaid Leave,2026-01-10,2026-01-14,4,Approved
804,332,Maternity/Paternity Leave,2024-04-09,2024-04-13,4,Approved
805,332,Annual Leave,2025-02-03,2025-02-04,1,Approved
806,333,Annual Leave,2026-02-04,2026-02-07,3,Approved
807,333,Unpaid Leave,2024-05-27,2024-06-05,9,Approved
808,333,Maternity/Paternity Leave,2024-11-18,2024-11-23,5,Approved
809,333,Casual Leave,2025-01-30,2025-02-03,4,Rejected
810,334,Annual Leave,2025-08-30,2025-09-05,6,Rejected
811,334,Annual Leave,2026-04-30,2026-05-08,8,Approved
812,335,Maternity/Paternity Leave,2024-06-29,2024-07-05,6,Rejected
813,335,Casual Leave,2024-06-21,2024-06-30,9,Approved
814,335,Casual Leave,2024-02-06,2024-02-12,6,Approved
815,336,Unpaid Leave,2024-12-25,2024-12-29,4,Pending
816,336,Annual Leave,2025-11-09,2025-11-19,10,Approved
817,337,Casual Leave,2026-05-12,2026-05-21,9,Rejected
818,337,Maternity/Paternity Leave,2025-05-09,2025-05-13,4,Rejected
819,338,Sick Leave,2024-06-30,2024-07-05,5,Approved
820,339,Maternity/Paternity Leave,2025-07-08,2025-07-09,1,Approved
821,339,Sick Leave,2025-11-13,2025-11-15,2,Approved
822,339,Unpaid Leave,2025-02-12,2025-02-20,8,Approved
823,340,Casual Leave,2025-01-19,2025-01-29,10,Approved
824,340,Maternity/Paternity Leave,2025-05-16,2025-05-18,2,Pending
825,341,Maternity/Paternity Leave,2025-12-30,2026-01-03,4,Approved
826,341,Sick Leave,2025-10-13,2025-10-18,5,Approved
827,341,Annual Leave,2024-10-23,2024-10-29,6,Pending
828,342,Casual Leave,2025-11-28,2025-12-04,6,Approved
829,343,Maternity/Paternity Leave,2026-03-15,2026-03-21,6,Rejected
830,343,Maternity/Paternity Leave,2025-04-02,2025-04-11,9,Approved
831,344,Unpaid Leave,2026-04-22,2026-04-29,7,Approved
832,344,Casual Leave,2026-02-07,2026-02-08,1,Approved
833,344,Annual Leave,2024-12-20,2024-12-30,10,Rejected
834,345,Annual Leave,2024-04-10,2024-04-13,3,Approved
835,346,Sick Leave,2024-11-04,2024-11-07,3,Approved
836,346,Casual Leave,2024-09-07,2024-09-11,4,Approved
837,347,Casual Leave,2024-05-21,2024-05-27,6,Approved
838,347,Unpaid Leave,2025-04-01,2025-04-03,2,Approved
839,347,Maternity/Paternity Leave,2025-11-30,2025-12-01,1,Approved
840,348,Sick Leave,2024-08-03,2024-08-12,9,Rejected
841,348,Casual Leave,2025-09-10,2025-09-18,8,Approved
842,349,Unpaid Leave,2025-03-18,2025-03-22,4,Approved
843,349,Sick Leave,2026-06-14,2026-06-15,1,Approved
844,350,Sick Leave,2025-11-03,2025-11-04,1,Approved
845,350,Sick Leave,2025-01-31,2025-02-03,3,Pending
846,350,Maternity/Paternity Leave,2024-09-20,2024-09-29,9,Approved
847,350,Casual Leave,2025-03-19,2025-03-26,7,Approved
848,351,Maternity/Paternity Leave,2026-01-15,2026-01-16,1,Approved
849,351,Sick Leave,2025-01-22,2025-01-31,9,Approved
850,351,Sick Leave,2024-11-17,2024-11-27,10,Approved
851,351,Casual Leave,2025-07-25,2025-08-04,10,Approved
852,352,Unpaid Leave,2024-08-15,2024-08-25,10,Pending
853,353,Unpaid Leave,2025-11-30,2025-12-07,7,Approved
854,353,Unpaid Leave,2026-02-27,2026-02-28,1,Pending
855,354,Unpaid Leave,2026-06-25,2026-06-30,5,Approved
856,354,Sick Leave,2024-08-13,2024-08-20,7,Approved
857,354,Sick Leave,2026-01-18,2026-01-28,10,Approved
858,355,Casual Leave,2024-06-29,2024-07-04,5,Approved
859,355,Unpaid Leave,2025-10-06,2025-10-14,8,Approved
860,355,Sick Leave,2026-01-08,2026-01-17,9,Rejected
861,356,Annual Leave,2025-10-01,2025-10-03,2,Approved
862,356,Unpaid Leave,2025-04-03,2025-04-07,4,Approved
863,357,Casual Leave,2024-06-14,2024-06-18,4,Pending
864,357,Sick Leave,2026-06-24,2026-06-30,6,Approved
865,357,Casual Leave,2025-06-23,2025-07-03,10,Pending
866,358,Annual Leave,2025-08-01,2025-08-10,9,Approved
867,358,Casual Leave,2024-07-28,2024-08-01,4,Rejected
868,359,Maternity/Paternity Leave,2024-04-30,2024-05-08,8,Pending
869,359,Maternity/Paternity Leave,2024-02-04,2024-02-10,6,Approved
870,360,Unpaid Leave,2026-06-23,2026-07-01,8,Approved
871,360,Sick Leave,2026-05-09,2026-05-14,5,Rejected
872,361,Annual Leave,2025-01-23,2025-02-02,10,Approved
873,362,Annual Leave,2025-07-16,2025-07-26,10,Approved
874,363,Maternity/Paternity Leave,2024-03-23,2024-03-24,1,Approved
875,363,Annual Leave,2024-02-16,2024-02-26,10,Pending
876,363,Sick Leave,2025-01-06,2025-01-07,1,Approved
877,364,Maternity/Paternity Leave,2024-10-06,2024-10-12,6,Approved
878,364,Annual Leave,2025-07-31,2025-08-01,1,Approved
879,364,Casual Leave,2024-07-30,2024-08-01,2,Approved
880,364,Sick Leave,2024-11-02,2024-11-10,8,Pending
881,365,Maternity/Paternity Leave,2025-09-19,2025-09-20,1,Pending
882,366,Sick Leave,2025-05-18,2025-05-19,1,Approved
883,366,Unpaid Leave,2025-09-07,2025-09-15,8,Pending
884,367,Unpaid Leave,2024-10-04,2024-10-09,5,Approved
885,367,Sick Leave,2024-09-02,2024-09-10,8,Approved
886,367,Maternity/Paternity Leave,2024-09-12,2024-09-16,4,Approved
887,368,Maternity/Paternity Leave,2024-11-16,2024-11-17,1,Approved
888,369,Unpaid Leave,2025-03-23,2025-03-26,3,Pending
889,369,Casual Leave,2025-01-04,2025-01-05,1,Approved
890,369,Sick Leave,2024-05-31,2024-06-05,5,Approved
891,369,Casual Leave,2024-05-26,2024-05-31,5,Approved
892,370,Annual Leave,2026-03-01,2026-03-05,4,Approved
893,370,Maternity/Paternity Leave,2026-05-29,2026-05-30,1,Pending
894,371,Annual Leave,2024-07-12,2024-07-16,4,Approved
895,371,Unpaid Leave,2025-03-06,2025-03-11,5,Approved
896,371,Maternity/Paternity Leave,2026-04-08,2026-04-14,6,Approved
897,371,Casual Leave,2024-04-01,2024-04-10,9,Approved
898,372,Casual Leave,2024-06-17,2024-06-23,6,Approved
899,372,Maternity/Paternity Leave,2026-05-14,2026-05-21,7,Approved
900,373,Casual Leave,2024-11-27,2024-12-05,8,Pending
901,373,Maternity/Paternity Leave,2024-10-04,2024-10-07,3,Rejected
902,373,Maternity/Paternity Leave,2024-03-29,2024-04-07,9,Approved
903,374,Sick Leave,2024-10-24,2024-11-03,10,Approved
904,375,Maternity/Paternity Leave,2025-10-10,2025-10-16,6,Approved
905,375,Sick Leave,2026-04-10,2026-04-19,9,Pending
906,375,Sick Leave,2025-06-02,2025-06-03,1,Approved
907,376,Sick Leave,2025-11-07,2025-11-16,9,Approved
908,376,Sick Leave,2024-11-25,2024-12-05,10,Approved
909,376,Maternity/Paternity Leave,2025-12-11,2025-12-18,7,Approved
910,377,Unpaid Leave,2025-04-27,2025-05-06,9,Approved
911,378,Unpaid Leave,2024-12-04,2024-12-14,10,Approved
912,379,Casual Leave,2026-01-31,2026-02-04,4,Approved
913,379,Casual Leave,2025-07-26,2025-08-03,8,Approved
914,380,Maternity/Paternity Leave,2024-12-16,2024-12-25,9,Approved
915,380,Maternity/Paternity Leave,2026-03-20,2026-03-24,4,Approved
916,380,Maternity/Paternity Leave,2024-04-29,2024-05-01,2,Approved
917,380,Sick Leave,2025-11-08,2025-11-11,3,Rejected
918,381,Maternity/Paternity Leave,2024-07-17,2024-07-26,9,Rejected
919,382,Casual Leave,2025-06-18,2025-06-20,2,Approved
920,382,Casual Leave,2026-04-11,2026-04-15,4,Rejected
921,383,Sick Leave,2025-10-26,2025-11-04,9,Approved
922,383,Casual Leave,2024-11-28,2024-11-29,1,Approved
923,384,Annual Leave,2025-10-04,2025-10-08,4,Approved
924,385,Annual Leave,2026-04-24,2026-04-29,5,Approved
925,386,Annual Leave,2024-03-09,2024-03-15,6,Approved
926,386,Maternity/Paternity Leave,2025-05-13,2025-05-23,10,Approved
927,386,Maternity/Paternity Leave,2024-11-08,2024-11-14,6,Approved
928,386,Maternity/Paternity Leave,2025-10-23,2025-11-02,10,Approved
929,387,Maternity/Paternity Leave,2026-06-22,2026-06-30,8,Pending
930,388,Maternity/Paternity Leave,2024-07-03,2024-07-09,6,Approved
931,388,Annual Leave,2025-10-19,2025-10-26,7,Rejected
932,388,Unpaid Leave,2024-02-09,2024-02-16,7,Approved
933,389,Maternity/Paternity Leave,2024-06-23,2024-07-01,8,Pending
934,389,Annual Leave,2025-05-17,2025-05-18,1,Pending
935,389,Annual Leave,2024-08-18,2024-08-26,8,Approved
936,390,Annual Leave,2026-03-10,2026-03-14,4,Approved
937,391,Sick Leave,2026-02-17,2026-02-24,7,Approved
938,391,Annual Leave,2026-04-07,2026-04-17,10,Pending
939,391,Maternity/Paternity Leave,2026-06-08,2026-06-14,6,Approved
940,391,Annual Leave,2026-03-27,2026-03-31,4,Approved
941,392,Annual Leave,2025-02-13,2025-02-16,3,Approved
942,393,Maternity/Paternity Leave,2025-10-16,2025-10-18,2,Approved
943,393,Maternity/Paternity Leave,2026-04-10,2026-04-15,5,Approved
944,393,Annual Leave,2024-03-02,2024-03-11,9,Approved
945,393,Unpaid Leave,2025-01-17,2025-01-22,5,Approved
946,394,Casual Leave,2026-04-29,2026-05-02,3,Pending
947,394,Unpaid Leave,2025-04-04,2025-04-07,3,Approved
948,394,Sick Leave,2024-01-20,2024-01-26,6,Approved
949,394,Maternity/Paternity Leave,2025-06-30,2025-07-02,2,Approved
950,395,Sick Leave,2025-09-27,2025-09-28,1,Approved
951,395,Sick Leave,2024-04-27,2024-05-04,7,Approved
952,396,Unpaid Leave,2024-02-11,2024-02-17,6,Pending
953,396,Maternity/Paternity Leave,2025-05-31,2025-06-08,8,Approved
954,397,Sick Leave,2025-12-25,2025-12-27,2,Approved
955,398,Maternity/Paternity Leave,2025-09-24,2025-10-02,8,Approved
956,399,Casual Leave,2025-11-06,2025-11-15,9,Pending
957,400,Casual Leave,2025-08-05,2025-08-12,7,Approved
958,401,Annual Leave,2026-01-21,2026-01-30,9,Approved
959,401,Casual Leave,2026-04-26,2026-04-28,2,Approved
960,401,Sick Leave,2026-06-16,2026-06-24,8,Approved
961,401,Sick Leave,2025-05-03,2025-05-06,3,Approved
962,402,Sick Leave,2025-11-15,2025-11-25,10,Approved
963,403,Casual Leave,2024-12-16,2024-12-25,9,Approved
964,403,Sick Leave,2025-12-11,2025-12-19,8,Approved
965,403,Unpaid Leave,2024-12-31,2025-01-10,10,Approved
966,403,Sick Leave,2024-09-04,2024-09-05,1,Approved
967,404,Maternity/Paternity Leave,2024-06-16,2024-06-19,3,Approved
968,404,Unpaid Leave,2024-05-25,2024-05-26,1,Approved
969,404,Casual Leave,2024-07-17,2024-07-18,1,Approved
970,405,Sick Leave,2026-03-25,2026-03-30,5,Pending
971,406,Sick Leave,2026-04-21,2026-04-25,4,Pending
972,406,Maternity/Paternity Leave,2026-02-28,2026-03-04,4,Approved
973,406,Sick Leave,2025-08-15,2025-08-23,8,Approved
974,407,Unpaid Leave,2025-10-07,2025-10-16,9,Approved
975,407,Sick Leave,2025-04-23,2025-04-25,2,Approved
976,407,Annual Leave,2024-10-03,2024-10-12,9,Approved
977,407,Annual Leave,2024-07-19,2024-07-27,8,Approved
978,408,Maternity/Paternity Leave,2025-11-19,2025-11-23,4,Approved
979,408,Casual Leave,2025-07-22,2025-07-28,6,Pending
980,409,Annual Leave,2024-11-03,2024-11-04,1,Rejected
981,409,Annual Leave,2024-08-04,2024-08-10,6,Rejected
982,409,Casual Leave,2024-12-22,2024-12-26,4,Approved
983,409,Sick Leave,2024-07-30,2024-08-06,7,Approved
984,410,Unpaid Leave,2024-09-14,2024-09-22,8,Approved
985,410,Sick Leave,2026-04-02,2026-04-09,7,Approved
986,411,Maternity/Paternity Leave,2026-04-25,2026-05-05,10,Approved
987,411,Annual Leave,2024-09-03,2024-09-05,2,Approved
988,412,Sick Leave,2026-03-29,2026-03-31,2,Approved
989,412,Maternity/Paternity Leave,2026-01-21,2026-01-22,1,Approved
990,412,Casual Leave,2025-07-29,2025-08-03,5,Approved
991,412,Unpaid Leave,2026-04-12,2026-04-17,5,Rejected
992,413,Maternity/Paternity Leave,2025-05-02,2025-05-07,5,Pending
993,413,Unpaid Leave,2024-01-02,2024-01-11,9,Approved
994,413,Unpaid Leave,2024-11-12,2024-11-21,9,Pending
995,414,Maternity/Paternity Leave,2025-07-05,2025-07-13,8,Approved
996,414,Unpaid Leave,2024-12-02,2024-12-08,6,Approved
997,415,Casual Leave,2024-03-16,2024-03-21,5,Approved
998,416,Casual Leave,2026-01-20,2026-01-30,10,Approved
999,416,Unpaid Leave,2025-10-27,2025-11-02,6,Pending
1000,416,Casual Leave,2026-01-29,2026-02-02,4,Approved
1001,417,Maternity/Paternity Leave,2025-09-22,2025-09-28,6,Approved
1002,417,Maternity/Paternity Leave,2025-12-28,2026-01-02,5,Approved
1003,418,Sick Leave,2024-10-23,2024-11-02,10,Pending
1004,418,Casual Leave,2024-02-22,2024-02-27,5,Approved
1005,419,Unpaid Leave,2026-04-27,2026-05-01,4,Rejected
1006,419,Casual Leave,2026-04-30,2026-05-09,9,Approved
1007,419,Casual Leave,2025-09-30,2025-10-04,4,Approved
1008,420,Maternity/Paternity Leave,2026-05-30,2026-06-07,8,Approved
1009,420,Unpaid Leave,2024-06-10,2024-06-18,8,Approved
1010,421,Casual Leave,2026-06-05,2026-06-14,9,Approved
1011,421,Annual Leave,2025-05-05,2025-05-15,10,Approved
1012,421,Maternity/Paternity Leave,2026-06-11,2026-06-18,7,Rejected
1013,421,Casual Leave,2025-12-10,2025-12-11,1,Approved
1014,422,Unpaid Leave,2026-04-17,2026-04-25,8,Pending
1015,422,Unpaid Leave,2025-08-31,2025-09-10,10,Rejected
1016,422,Casual Leave,2026-04-05,2026-04-15,10,Approved
1017,422,Maternity/Paternity Leave,2025-12-02,2025-12-03,1,Pending
1018,423,Casual Leave,2025-08-19,2025-08-27,8,Approved
1019,424,Casual Leave,2026-03-04,2026-03-07,3,Approved
1020,425,Casual Leave,2025-08-01,2025-08-02,1,Rejected
1021,426,Sick Leave,2025-05-17,2025-05-26,9,Approved
1022,427,Unpaid Leave,2026-02-26,2026-03-05,7,Approved
1023,428,Unpaid Leave,2024-07-20,2024-07-21,1,Approved
1024,429,Sick Leave,2024-09-26,2024-10-01,5,Approved
1025,429,Unpaid Leave,2025-06-28,2025-07-02,4,Approved
1026,429,Casual Leave,2026-01-12,2026-01-17,5,Pending
1027,430,Unpaid Leave,2026-03-19,2026-03-22,3,Approved
1028,430,Sick Leave,2025-07-11,2025-07-17,6,Rejected
1029,431,Annual Leave,2024-07-30,2024-08-03,4,Approved
1030,431,Unpaid Leave,2025-10-24,2025-10-27,3,Approved
1031,431,Annual Leave,2024-12-02,2024-12-07,5,Rejected
1032,431,Maternity/Paternity Leave,2026-04-02,2026-04-04,2,Approved
1033,432,Sick Leave,2024-03-26,2024-03-30,4,Approved
1034,432,Casual Leave,2024-06-14,2024-06-17,3,Pending
1035,433,Casual Leave,2026-01-01,2026-01-02,1,Approved
1036,434,Maternity/Paternity Leave,2026-03-30,2026-04-09,10,Pending
1037,434,Annual Leave,2025-01-02,2025-01-10,8,Approved
1038,434,Maternity/Paternity Leave,2025-07-24,2025-07-26,2,Approved
1039,434,Maternity/Paternity Leave,2025-12-31,2026-01-08,8,Approved
1040,435,Casual Leave,2025-12-17,2025-12-18,1,Approved
1041,435,Maternity/Paternity Leave,2025-01-02,2025-01-06,4,Pending
1042,435,Unpaid Leave,2025-03-22,2025-03-29,7,Rejected
1043,435,Maternity/Paternity Leave,2025-03-30,2025-04-05,6,Approved
1044,436,Casual Leave,2024-12-25,2025-01-02,8,Approved
1045,436,Unpaid Leave,2025-07-08,2025-07-11,3,Approved
1046,436,Maternity/Paternity Leave,2024-03-04,2024-03-11,7,Approved
1047,436,Casual Leave,2024-03-06,2024-03-10,4,Approved
1048,437,Casual Leave,2024-08-11,2024-08-16,5,Approved
1049,437,Maternity/Paternity Leave,2026-04-09,2026-04-13,4,Approved
1050,437,Unpaid Leave,2026-06-03,2026-06-04,1,Approved
1051,437,Annual Leave,2024-04-01,2024-04-05,4,Approved
1052,438,Casual Leave,2025-04-25,2025-04-26,1,Approved
1053,438,Maternity/Paternity Leave,2025-10-24,2025-10-30,6,Approved
1054,438,Maternity/Paternity Leave,2026-01-06,2026-01-13,7,Approved
1055,438,Casual Leave,2025-07-04,2025-07-06,2,Approved
1056,439,Casual Leave,2024-12-10,2024-12-15,5,Approved
1057,439,Sick Leave,2024-01-19,2024-01-27,8,Approved
1058,440,Casual Leave,2026-04-03,2026-04-04,1,Pending
1059,440,Annual Leave,2026-03-02,2026-03-03,1,Rejected
1060,441,Unpaid Leave,2025-12-22,2025-12-24,2,Approved
1061,441,Unpaid Leave,2025-02-02,2025-02-03,1,Approved
1062,442,Sick Leave,2024-08-14,2024-08-22,8,Approved
1063,442,Sick Leave,2024-03-17,2024-03-24,7,Approved
1064,442,Sick Leave,2024-05-10,2024-05-14,4,Approved
1065,443,Unpaid Leave,2025-07-26,2025-07-30,4,Pending
1066,444,Sick Leave,2024-07-06,2024-07-16,10,Approved
1067,445,Maternity/Paternity Leave,2026-05-31,2026-06-09,9,Approved
1068,445,Sick Leave,2026-05-23,2026-05-26,3,Approved
1069,445,Annual Leave,2024-04-06,2024-04-16,10,Approved
1070,446,Sick Leave,2025-11-02,2025-11-07,5,Rejected
1071,447,Casual Leave,2025-01-15,2025-01-23,8,Approved
1072,448,Sick Leave,2025-10-07,2025-10-10,3,Approved
1073,448,Casual Leave,2024-07-03,2024-07-07,4,Rejected
1074,449,Annual Leave,2025-09-24,2025-09-29,5,Approved
1075,449,Annual Leave,2025-11-08,2025-11-17,9,Approved
1076,450,Maternity/Paternity Leave,2026-05-18,2026-05-21,3,Approved
1077,450,Sick Leave,2026-04-26,2026-04-29,3,Rejected
1078,450,Unpaid Leave,2026-05-09,2026-05-19,10,Rejected
1079,450,Maternity/Paternity Leave,2026-04-26,2026-05-01,5,Approved
1080,451,Sick Leave,2024-02-20,2024-02-22,2,Approved
1081,451,Annual Leave,2025-09-23,2025-10-03,10,Rejected
1082,452,Maternity/Paternity Leave,2025-11-22,2025-11-25,3,Approved
1083,452,Maternity/Paternity Leave,2025-01-26,2025-02-04,9,Rejected
1084,452,Maternity/Paternity Leave,2026-03-19,2026-03-28,9,Approved
1085,452,Unpaid Leave,2025-01-14,2025-01-23,9,Approved
1086,453,Maternity/Paternity Leave,2024-09-27,2024-10-07,10,Approved
1087,453,Maternity/Paternity Leave,2025-04-11,2025-04-16,5,Approved
1088,453,Maternity/Paternity Leave,2026-02-01,2026-02-04,3,Approved
1089,454,Unpaid Leave,2024-05-09,2024-05-10,1,Approved
1090,454,Annual Leave,2026-04-11,2026-04-17,6,Rejected
1091,455,Casual Leave,2025-03-11,2025-03-18,7,Approved
1092,455,Sick Leave,2025-09-24,2025-09-25,1,Approved
1093,455,Sick Leave,2025-05-10,2025-05-11,1,Approved
1094,455,Sick Leave,2026-01-13,2026-01-21,8,Pending
1095,456,Annual Leave,2024-07-25,2024-08-01,7,Approved
1096,456,Casual Leave,2026-03-12,2026-03-16,4,Pending
1097,456,Maternity/Paternity Leave,2024-12-16,2024-12-24,8,Approved
1098,457,Maternity/Paternity Leave,2026-03-17,2026-03-21,4,Approved
1099,457,Sick Leave,2026-01-20,2026-01-21,1,Approved
1100,457,Annual Leave,2024-04-12,2024-04-14,2,Approved
1101,458,Maternity/Paternity Leave,2024-06-03,2024-06-11,8,Pending
1102,458,Casual Leave,2024-04-10,2024-04-12,2,Approved
1103,458,Annual Leave,2024-04-02,2024-04-11,9,Approved
1104,459,Sick Leave,2026-05-21,2026-05-23,2,Approved
1105,459,Sick Leave,2024-11-21,2024-11-26,5,Pending
1106,459,Sick Leave,2025-07-15,2025-07-16,1,Pending
1107,459,Annual Leave,2024-04-17,2024-04-26,9,Approved
1108,460,Maternity/Paternity Leave,2026-06-27,2026-07-06,9,Approved
1109,460,Unpaid Leave,2026-06-27,2026-07-04,7,Approved
1110,461,Casual Leave,2026-06-05,2026-06-11,6,Approved
1111,461,Unpaid Leave,2026-03-26,2026-04-01,6,Approved
1112,461,Maternity/Paternity Leave,2025-12-13,2025-12-23,10,Approved
1113,461,Unpaid Leave,2026-03-08,2026-03-16,8,Approved
1114,462,Unpaid Leave,2025-10-04,2025-10-13,9,Approved
1115,463,Maternity/Paternity Leave,2026-01-04,2026-01-07,3,Pending
1116,464,Casual Leave,2024-05-17,2024-05-25,8,Approved
1117,464,Sick Leave,2025-08-31,2025-09-03,3,Approved
1118,464,Casual Leave,2024-10-02,2024-10-04,2,Approved
1119,465,Casual Leave,2026-01-15,2026-01-19,4,Approved
1120,465,Sick Leave,2024-11-13,2024-11-14,1,Pending
1121,465,Maternity/Paternity Leave,2024-04-04,2024-04-11,7,Approved
1122,465,Unpaid Leave,2026-04-15,2026-04-18,3,Approved
1123,466,Annual Leave,2025-08-26,2025-08-30,4,Approved
1124,466,Casual Leave,2026-04-30,2026-05-03,3,Pending
1125,466,Sick Leave,2026-01-09,2026-01-17,8,Rejected
1126,467,Maternity/Paternity Leave,2025-10-10,2025-10-13,3,Pending
1127,467,Maternity/Paternity Leave,2024-03-10,2024-03-12,2,Approved
1128,467,Casual Leave,2024-01-02,2024-01-08,6,Approved
1129,467,Casual Leave,2026-04-30,2026-05-08,8,Pending
1130,468,Unpaid Leave,2024-05-15,2024-05-21,6,Approved
1131,468,Unpaid Leave,2025-08-21,2025-08-30,9,Approved
1132,468,Annual Leave,2024-10-19,2024-10-23,4,Approved
1133,469,Unpaid Leave,2024-12-22,2024-12-30,8,Approved
1134,469,Maternity/Paternity Leave,2025-10-19,2025-10-24,5,Approved
1135,469,Casual Leave,2025-12-17,2025-12-18,1,Pending
1136,469,Sick Leave,2025-03-12,2025-03-17,5,Approved
1137,470,Sick Leave,2024-03-02,2024-03-06,4,Pending
1138,470,Annual Leave,2025-06-10,2025-06-18,8,Pending
1139,471,Maternity/Paternity Leave,2026-05-25,2026-06-01,7,Approved
1140,471,Annual Leave,2024-09-10,2024-09-20,10,Approved
1141,471,Maternity/Paternity Leave,2024-03-23,2024-03-27,4,Approved
1142,472,Annual Leave,2026-06-26,2026-07-02,6,Pending
1143,473,Sick Leave,2024-06-14,2024-06-21,7,Rejected
1144,473,Annual Leave,2024-12-17,2024-12-24,7,Approved
1145,473,Annual Leave,2024-10-18,2024-10-24,6,Pending
1146,473,Maternity/Paternity Leave,2025-01-21,2025-01-26,5,Approved
1147,474,Maternity/Paternity Leave,2025-09-24,2025-10-04,10,Approved
1148,474,Unpaid Leave,2025-01-12,2025-01-16,4,Approved
1149,474,Unpaid Leave,2025-12-24,2025-12-27,3,Approved
1150,474,Annual Leave,2024-10-31,2024-11-06,6,Approved
1151,475,Annual Leave,2026-06-17,2026-06-19,2,Approved
1152,476,Annual Leave,2025-08-19,2025-08-28,9,Approved
1153,476,Annual Leave,2024-08-12,2024-08-15,3,Pending
1154,477,Casual Leave,2025-01-16,2025-01-19,3,Approved
1155,477,Casual Leave,2025-03-29,2025-04-04,6,Approved
1156,477,Sick Leave,2025-05-01,2025-05-11,10,Approved
1157,477,Annual Leave,2025-04-30,2025-05-05,5,Approved
1158,478,Sick Leave,2026-01-19,2026-01-20,1,Approved
1159,479,Maternity/Paternity Leave,2025-04-05,2025-04-12,7,Rejected
1160,479,Casual Leave,2025-08-27,2025-08-29,2,Approved
1161,480,Annual Leave,2025-01-19,2025-01-29,10,Approved
1162,481,Sick Leave,2025-06-11,2025-06-21,10,Pending
1163,481,Unpaid Leave,2025-09-24,2025-10-03,9,Approved
1164,481,Annual Leave,2025-11-13,2025-11-17,4,Approved
1165,481,Sick Leave,2025-10-03,2025-10-10,7,Pending
1166,482,Unpaid Leave,2024-08-02,2024-08-10,8,Approved
1167,482,Maternity/Paternity Leave,2024-01-03,2024-01-08,5,Approved
1168,482,Sick Leave,2026-06-25,2026-07-02,7,Rejected
1169,482,Sick Leave,2024-01-16,2024-01-21,5,Approved
1170,483,Sick Leave,2025-05-24,2025-06-01,8,Approved
1171,483,Unpaid Leave,2026-05-23,2026-05-24,1,Approved
1172,484,Maternity/Paternity Leave,2026-04-19,2026-04-22,3,Approved
1173,485,Casual Leave,2024-02-24,2024-02-27,3,Approved
1174,485,Unpaid Leave,2024-11-14,2024-11-20,6,Approved
1175,486,Annual Leave,2026-06-21,2026-06-29,8,Approved
1176,486,Casual Leave,2026-06-22,2026-07-01,9,Approved
1177,487,Casual Leave,2026-02-08,2026-02-16,8,Approved
1178,487,Casual Leave,2024-12-21,2024-12-24,3,Approved
1179,488,Casual Leave,2024-11-05,2024-11-06,1,Approved
1180,489,Maternity/Paternity Leave,2026-02-17,2026-02-20,3,Rejected
1181,489,Casual Leave,2026-06-05,2026-06-12,7,Rejected
1182,489,Casual Leave,2026-04-12,2026-04-20,8,Approved
1183,489,Unpaid Leave,2024-08-09,2024-08-16,7,Approved
1184,490,Sick Leave,2026-02-09,2026-02-10,1,Pending
1185,490,Maternity/Paternity Leave,2024-05-18,2024-05-23,5,Approved
1186,491,Sick Leave,2026-03-27,2026-03-30,3,Approved
1187,491,Maternity/Paternity Leave,2026-06-26,2026-06-30,4,Approved
1188,491,Sick Leave,2026-05-29,2026-06-03,5,Pending
1189,492,Casual Leave,2026-01-18,2026-01-19,1,Rejected
1190,492,Casual Leave,2025-10-17,2025-10-23,6,Rejected
1191,492,Maternity/Paternity Leave,2026-06-21,2026-06-27,6,Approved
1192,492,Sick Leave,2026-01-16,2026-01-25,9,Approved
1193,493,Maternity/Paternity Leave,2025-10-14,2025-10-23,9,Approved
1194,493,Unpaid Leave,2025-09-10,2025-09-19,9,Pending
1195,493,Annual Leave,2024-04-17,2024-04-27,10,Approved
1196,494,Unpaid Leave,2026-03-29,2026-04-08,10,Approved
1197,494,Casual Leave,2026-04-17,2026-04-25,8,Approved
1198,494,Annual Leave,2024-12-19,2024-12-20,1,Approved
1199,494,Maternity/Paternity Leave,2025-06-30,2025-07-08,8,Rejected
1200,495,Casual Leave,2024-03-13,2024-03-23,10,Approved
1201,495,Casual Leave,2024-03-11,2024-03-21,10,Approved
1202,495,Annual Leave,2025-06-03,2025-06-08,5,Pending
1203,495,Unpaid Leave,2026-01-12,2026-01-16,4,Approved
1204,496,Unpaid Leave,2024-05-16,2024-05-23,7,Approved
1205,496,Maternity/Paternity Leave,2024-06-15,2024-06-19,4,Approved
1206,496,Maternity/Paternity Leave,2025-11-09,2025-11-13,4,Approved
1207,497,Casual Leave,2025-11-13,2025-11-15,2,Rejected
1208,498,Casual Leave,2025-09-29,2025-09-30,1,Approved
1209,498,Maternity/Paternity Leave,2024-09-30,2024-10-10,10,Approved
1210,498,Unpaid Leave,2025-01-10,2025-01-20,10,Approved
1211,498,Sick Leave,2024-11-03,2024-11-08,5,Rejected
1212,499,Sick Leave,2026-06-10,2026-06-19,9,Approved
1213,499,Annual Leave,2026-06-02,2026-06-11,9,Approved
1214,499,Sick Leave,2026-04-26,2026-05-03,7,Approved
1215,499,Sick Leave,2026-04-14,2026-04-22,8,Approved
1216,500,Casual Leave,2026-03-14,2026-03-17,3,Approved
1217,500,Maternity/Paternity Leave,2024-01-30,2024-02-06,7,Approved
1218,500,Casual Leave,2025-11-16,2025-11-20,4,Approved
